"","date","candidates","Approve","Disapprove"
"1","2022-10-25","Rishi Sunak",51.78,48.22
"2","2022-10-26","Rishi Sunak",52.03,47.97
"3","2022-10-27","Rishi Sunak",52.53,47.47
"4","2022-10-28","Rishi Sunak",53.04,46.96
"5","2022-10-29","Rishi Sunak",53.29,46.71
"6","2022-10-30","Rishi Sunak",53.55,46.45
"7","2022-10-31","Rishi Sunak",53.52,46.48
"8","2022-11-01","Rishi Sunak",53.49,46.51
"9","2022-11-02","Rishi Sunak",53.46,46.54
"10","2022-11-03","Rishi Sunak",53.44,46.56
"11","2022-11-04","Rishi Sunak",53.1,46.9
"12","2022-11-05","Rishi Sunak",52.77,47.23
"13","2022-11-06","Rishi Sunak",52.44,47.56
"14","2022-11-07","Rishi Sunak",52.1,47.9
"15","2022-11-08","Rishi Sunak",51.77,48.23
"16","2022-11-09","Rishi Sunak",51.43,48.57
"17","2022-11-10","Rishi Sunak",51.1,48.9
"18","2022-11-11","Rishi Sunak",50.77,49.23
"19","2022-11-12","Rishi Sunak",50.43,49.57
"20","2022-11-13","Rishi Sunak",50.1,49.9
"21","2022-11-14","Rishi Sunak",49.91,50.09
"22","2022-11-15","Rishi Sunak",49.72,50.28
"23","2022-11-16","Rishi Sunak",49.54,50.47
"24","2022-11-17","Rishi Sunak",49.35,50.65
"25","2022-11-18","Rishi Sunak",49.16,50.84
"26","2022-11-19","Rishi Sunak",48.97,51.03
"27","2022-11-20","Rishi Sunak",48.78,51.22
"28","2022-11-21","Rishi Sunak",48.61,51.39
"29","2022-11-22","Rishi Sunak",48.44,51.56
"30","2022-11-23","Rishi Sunak",48.27,51.73
"31","2022-11-24","Rishi Sunak",48.1,51.91
"32","2022-11-25","Rishi Sunak",47.92,52.08
"33","2022-11-26","Rishi Sunak",47.75,52.25
"34","2022-11-27","Rishi Sunak",47.58,52.42
"35","2022-11-28","Rishi Sunak",47.31,52.69
"36","2022-11-29","Rishi Sunak",47.2,52.8
"37","2022-11-30","Rishi Sunak",47.1,52.91
"38","2022-12-01","Rishi Sunak",46.99,53.02
"39","2022-12-02","Rishi Sunak",46.88,53.12
"40","2022-12-03","Rishi Sunak",46.77,53.23
"41","2022-12-04","Rishi Sunak",46.67,53.34
"42","2022-12-05","Rishi Sunak",46.52,53.49
"43","2022-12-06","Rishi Sunak",46.37,53.63
"44","2022-12-07","Rishi Sunak",46.23,53.78
"45","2022-12-08","Rishi Sunak",46.08,53.92
"46","2022-12-09","Rishi Sunak",45.94,54.07
"47","2022-12-10","Rishi Sunak",45.79,54.21
"48","2022-12-11","Rishi Sunak",45.65,54.36
"49","2022-12-12","Rishi Sunak",45.42,54.59
"50","2022-12-13","Rishi Sunak",45.2,54.81
"51","2022-12-14","Rishi Sunak",44.98,55.03
"52","2022-12-15","Rishi Sunak",44.75,55.26
"53","2022-12-16","Rishi Sunak",44.53,55.48
"54","2022-12-17","Rishi Sunak",44.31,55.71
"55","2022-12-18","Rishi Sunak",44.08,55.93
"56","2022-12-19","Rishi Sunak",43.86,56.16
"57","2022-12-20","Rishi Sunak",43.64,56.38
"58","2022-12-21","Rishi Sunak",43.41,56.6
"59","2022-12-22","Rishi Sunak",43.19,56.83
"60","2022-12-23","Rishi Sunak",42.97,57.05
"61","2022-12-24","Rishi Sunak",42.74,57.28
"62","2022-12-25","Rishi Sunak",42.52,57.5
"63","2022-12-26","Rishi Sunak",42.3,57.73
"64","2022-12-27","Rishi Sunak",42.29,57.73
"65","2022-12-28","Rishi Sunak",42.29,57.74
"66","2022-12-29","Rishi Sunak",42.28,57.75
"67","2022-12-30","Rishi Sunak",42.27,57.75
"68","2022-12-31","Rishi Sunak",42.27,57.76
"69","2023-01-01","Rishi Sunak",42.26,57.77
"70","2023-01-02","Rishi Sunak",42.26,57.78
"71","2023-01-03","Rishi Sunak",42.25,57.78
"72","2023-01-04","Rishi Sunak",42.1,57.94
"73","2023-01-05","Rishi Sunak",41.95,58.09
"74","2023-01-06","Rishi Sunak",41.8,58.24
"75","2023-01-07","Rishi Sunak",41.65,58.4
"76","2023-01-08","Rishi Sunak",41.5,58.55
"77","2023-01-09","Rishi Sunak",41.34,58.72
"78","2023-01-10","Rishi Sunak",41.17,58.89
"79","2023-01-11","Rishi Sunak",41.01,59.05
"80","2023-01-12","Rishi Sunak",40.85,59.22
"81","2023-01-13","Rishi Sunak",40.69,59.39
"82","2023-01-14","Rishi Sunak",40.36,59.72
"83","2023-01-15","Rishi Sunak",40.04,60.05
"84","2023-01-16","Rishi Sunak",39.72,60.38
"85","2023-01-17","Rishi Sunak",39.29,60.82
"86","2023-01-18","Rishi Sunak",38.86,61.26
"87","2023-01-19","Rishi Sunak",38.59,61.55
"88","2023-01-20","Rishi Sunak",38.31,61.85
"89","2023-01-21","Rishi Sunak",38.03,62.14
"90","2023-01-22","Rishi Sunak",37.75,62.44
"91","2023-01-23","Rishi Sunak",37.45,62.78
"92","2023-01-24","Rishi Sunak",37.36,62.84
"93","2023-01-25","Rishi Sunak",37.28,62.91
"94","2023-01-26","Rishi Sunak",37.2,62.97
"95","2023-01-27","Rishi Sunak",37.13,63.02
"96","2023-01-28","Rishi Sunak",37.07,63.07
"97","2023-01-29","Rishi Sunak",37.01,63.12
"98","2023-01-30","Rishi Sunak",36.94,63.18
"99","2023-01-31","Rishi Sunak",36.87,63.24
"100","2023-02-01","Rishi Sunak",36.8,63.3
"101","2023-02-02","Rishi Sunak",36.73,63.36
"102","2023-02-03","Rishi Sunak",36.66,63.42
"103","2023-02-04","Rishi Sunak",36.69,63.38
"104","2023-02-05","Rishi Sunak",36.71,63.35
"105","2023-02-06","Rishi Sunak",36.8,63.26
"106","2023-02-07","Rishi Sunak",36.89,63.17
"107","2023-02-08","Rishi Sunak",36.98,63.08
"108","2023-02-09","Rishi Sunak",37.07,62.98
"109","2023-02-10","Rishi Sunak",37.15,62.89
"110","2023-02-11","Rishi Sunak",37.24,62.8
"111","2023-02-12","Rishi Sunak",37.33,62.71
"112","2023-02-13","Rishi Sunak",37.42,62.62
"113","2023-02-14","Rishi Sunak",37.44,62.59
"114","2023-02-15","Rishi Sunak",37.47,62.56
"115","2023-02-16","Rishi Sunak",37.5,62.53
"116","2023-02-17","Rishi Sunak",37.52,62.5
"117","2023-02-18","Rishi Sunak",37.55,62.47
"118","2023-02-19","Rishi Sunak",37.72,62.3
"119","2023-02-20","Rishi Sunak",37.89,62.13
"120","2023-02-21","Rishi Sunak",38.06,61.96
"121","2023-02-22","Rishi Sunak",38.23,61.79
"122","2023-02-23","Rishi Sunak",38.4,61.62
"123","2023-02-24","Rishi Sunak",38.57,61.45
"124","2023-02-25","Rishi Sunak",38.74,61.28
"125","2023-02-26","Rishi Sunak",38.91,61.11
"126","2023-02-27","Rishi Sunak",39.15,60.87
"127","2023-02-28","Rishi Sunak",39.38,60.63
"128","2023-03-01","Rishi Sunak",39.62,60.39
"129","2023-03-02","Rishi Sunak",39.86,60.15
"130","2023-03-03","Rishi Sunak",40.09,59.92
"131","2023-03-04","Rishi Sunak",40.33,59.68
"132","2023-03-05","Rishi Sunak",40.57,59.44
"133","2023-03-06","Rishi Sunak",40.8,59.2
"134","2023-03-07","Rishi Sunak",40.93,59.07
"135","2023-03-08","Rishi Sunak",41.06,58.94
"136","2023-03-09","Rishi Sunak",41.19,58.81
"137","2023-03-10","Rishi Sunak",41.32,58.68
"138","2023-03-11","Rishi Sunak",41.45,58.55
"139","2023-03-12","Rishi Sunak",41.58,58.42
"140","2023-03-13","Rishi Sunak",41.68,58.32
"141","2023-03-14","Rishi Sunak",41.79,58.22
"142","2023-03-15","Rishi Sunak",41.89,58.11
"143","2023-03-16","Rishi Sunak",41.99,58.01
"144","2023-03-17","Rishi Sunak",42.09,57.91
"145","2023-03-18","Rishi Sunak",42.2,57.81
"146","2023-03-19","Rishi Sunak",42.3,57.7
"147","2023-03-20","Rishi Sunak",42.4,57.6
"148","2023-03-21","Rishi Sunak",42.51,57.49
"149","2023-03-22","Rishi Sunak",42.61,57.39
"150","2023-03-23","Rishi Sunak",42.72,57.28
"151","2023-03-24","Rishi Sunak",42.82,57.18
"152","2023-03-25","Rishi Sunak",42.93,57.07
"153","2023-03-26","Rishi Sunak",43.03,56.97
"154","2023-03-27","Rishi Sunak",43.08,56.92
"155","2023-03-28","Rishi Sunak",43.13,56.87
"156","2023-03-29","Rishi Sunak",43.18,56.82
"157","2023-03-30","Rishi Sunak",43.22,56.78
"158","2023-03-31","Rishi Sunak",43.27,56.73
"159","2023-04-01","Rishi Sunak",43.32,56.68
"160","2023-04-02","Rishi Sunak",43.37,56.63
"161","2023-04-03","Rishi Sunak",43.45,56.55
"162","2023-04-04","Rishi Sunak",43.54,56.46
"163","2023-04-05","Rishi Sunak",43.62,56.38
"164","2023-04-06","Rishi Sunak",43.71,56.29
"165","2023-04-07","Rishi Sunak",43.79,56.21
"166","2023-04-08","Rishi Sunak",43.88,56.12
"167","2023-04-09","Rishi Sunak",43.96,56.04
"168","2023-04-10","Rishi Sunak",44.03,55.97
"169","2023-04-11","Rishi Sunak",44.09,55.91
"170","2023-04-12","Rishi Sunak",44.16,55.84
"171","2023-04-13","Rishi Sunak",44.22,55.78
"172","2023-04-14","Rishi Sunak",44.29,55.71
"173","2023-04-15","Rishi Sunak",44.35,55.65
"174","2023-04-16","Rishi Sunak",44.42,55.58
"175","2023-04-17","Rishi Sunak",44.46,55.53
"176","2023-04-18","Rishi Sunak",44.51,55.49
"177","2023-04-19","Rishi Sunak",44.55,55.44
"178","2023-04-20","Rishi Sunak",44.6,55.4
"179","2023-04-21","Rishi Sunak",44.64,55.35
"180","2023-04-22","Rishi Sunak",44.69,55.31
"181","2023-04-23","Rishi Sunak",44.73,55.26
"182","2023-04-24","Rishi Sunak",44.73,55.26
"183","2023-04-25","Rishi Sunak",44.73,55.26
"184","2023-04-26","Rishi Sunak",44.74,55.26
"185","2023-04-27","Rishi Sunak",44.74,55.26
"186","2023-04-28","Rishi Sunak",44.74,55.25
"187","2023-04-29","Rishi Sunak",44.74,55.25
"188","2023-04-30","Rishi Sunak",44.74,55.25
"189","2023-05-01","Rishi Sunak",44.67,55.33
"190","2023-05-02","Rishi Sunak",44.59,55.4
"191","2023-05-03","Rishi Sunak",44.51,55.47
"192","2023-05-04","Rishi Sunak",44.44,55.55
"193","2023-05-05","Rishi Sunak",44.36,55.62
"194","2023-05-06","Rishi Sunak",44.29,55.7
"195","2023-05-07","Rishi Sunak",44.21,55.77
"196","2023-05-08","Rishi Sunak",44.12,55.87
"197","2023-05-09","Rishi Sunak",44.02,55.96
"198","2023-05-10","Rishi Sunak",43.92,56.06
"199","2023-05-11","Rishi Sunak",43.83,56.15
"200","2023-05-12","Rishi Sunak",43.73,56.25
"201","2023-05-13","Rishi Sunak",43.75,56.22
"202","2023-05-14","Rishi Sunak",43.77,56.2
"203","2023-05-15","Rishi Sunak",43.69,56.28
"204","2023-05-16","Rishi Sunak",43.6,56.37
"205","2023-05-17","Rishi Sunak",43.52,56.45
"206","2023-05-18","Rishi Sunak",43.43,56.53
"207","2023-05-19","Rishi Sunak",43.34,56.61
"208","2023-05-20","Rishi Sunak",43.26,56.7
"209","2023-05-21","Rishi Sunak",43.17,56.78
"210","2023-05-22","Rishi Sunak",43.12,56.82
"211","2023-05-23","Rishi Sunak",43.08,56.86
"212","2023-05-24","Rishi Sunak",43.03,56.91
"213","2023-05-25","Rishi Sunak",42.98,56.95
"214","2023-05-26","Rishi Sunak",42.93,56.99
"215","2023-05-27","Rishi Sunak",42.88,57.04
"216","2023-05-28","Rishi Sunak",42.83,57.08
"217","2023-05-29","Rishi Sunak",42.87,57.03
"218","2023-05-30","Rishi Sunak",42.91,56.99
"219","2023-05-31","Rishi Sunak",42.95,56.94
"220","2023-06-01","Rishi Sunak",42.99,56.89
"221","2023-06-02","Rishi Sunak",43.03,56.85
"222","2023-06-03","Rishi Sunak",43.06,56.8
"223","2023-06-04","Rishi Sunak",43.1,56.75
"224","2023-06-05","Rishi Sunak",43.08,56.76
"225","2023-06-06","Rishi Sunak",43.05,56.78
"226","2023-06-07","Rishi Sunak",43.02,56.79
"227","2023-06-08","Rishi Sunak",42.99,56.8
"228","2023-06-09","Rishi Sunak",42.97,56.81
"229","2023-06-10","Rishi Sunak",42.9,56.86
"230","2023-06-11","Rishi Sunak",42.83,56.9
"231","2023-06-12","Rishi Sunak",42.73,56.98
"232","2023-06-13","Rishi Sunak",42.62,57.06
"233","2023-06-14","Rishi Sunak",42.51,57.13
"234","2023-06-15","Rishi Sunak",42.41,57.21
"235","2023-06-16","Rishi Sunak",42.3,57.28
"236","2023-06-17","Rishi Sunak",42.19,57.36
"237","2023-06-18","Rishi Sunak",42.09,57.43
"238","2023-06-19","Rishi Sunak",41.95,57.58
"239","2023-06-20","Rishi Sunak",41.81,57.72
"240","2023-06-21","Rishi Sunak",41.67,57.87
"241","2023-06-22","Rishi Sunak",41.53,58.01
"242","2023-06-23","Rishi Sunak",41.4,58.15
"243","2023-06-24","Rishi Sunak",41.26,58.3
"244","2023-06-25","Rishi Sunak",41.12,58.44
"245","2023-06-26","Rishi Sunak",40.92,58.63
"246","2023-06-27","Rishi Sunak",40.72,58.82
"247","2023-06-28","Rishi Sunak",40.52,59.01
"248","2023-06-29","Rishi Sunak",40.32,59.2
"249","2023-06-30","Rishi Sunak",40.12,59.39
"250","2023-07-01","Rishi Sunak",39.92,59.58
"251","2023-07-02","Rishi Sunak",39.72,59.77
"252","2023-07-03","Rishi Sunak",39.6,59.91
"253","2023-07-04","Rishi Sunak",39.49,60.05
"254","2023-07-05","Rishi Sunak",39.37,60.2
"255","2023-07-06","Rishi Sunak",39.26,60.34
"256","2023-07-07","Rishi Sunak",39.14,60.48
"257","2023-07-08","Rishi Sunak",39.03,60.63
"258","2023-07-09","Rishi Sunak",38.91,60.77
"259","2023-07-10","Rishi Sunak",38.78,60.92
"260","2023-07-11","Rishi Sunak",38.65,61.07
"261","2023-07-12","Rishi Sunak",38.52,61.23
"262","2023-07-13","Rishi Sunak",38.39,61.38
"263","2023-07-14","Rishi Sunak",38.26,61.53
"264","2023-07-15","Rishi Sunak",38.5,61.3
"265","2023-07-16","Rishi Sunak",38.74,61.07
"266","2023-07-17","Rishi Sunak",38.89,60.92
"267","2023-07-18","Rishi Sunak",39.04,60.77
"268","2023-07-19","Rishi Sunak",39.2,60.62
"269","2023-07-20","Rishi Sunak",39.35,60.47
"270","2023-07-21","Rishi Sunak",39.51,60.32
"271","2023-07-22","Rishi Sunak",39.66,60.16
"272","2023-07-23","Rishi Sunak",39.82,60.01
"273","2023-07-24","Rishi Sunak",39.84,59.98
"274","2023-07-25","Rishi Sunak",39.87,59.96
"275","2023-07-26","Rishi Sunak",39.89,59.93
"276","2023-07-27","Rishi Sunak",39.91,59.9
"277","2023-07-28","Rishi Sunak",39.94,59.87
"278","2023-07-29","Rishi Sunak",39.96,59.84
"279","2023-07-30","Rishi Sunak",39.99,59.82
"280","2023-07-31","Rishi Sunak",39.99,59.8
"281","2023-08-01","Rishi Sunak",39.99,59.79
"282","2023-08-02","Rishi Sunak",40,59.77
"283","2023-08-03","Rishi Sunak",40,59.76
"284","2023-08-04","Rishi Sunak",40,59.74
"285","2023-08-05","Rishi Sunak",40,59.73
"286","2023-08-06","Rishi Sunak",40.01,59.71
"287","2023-08-07","Rishi Sunak",40.02,59.67
"288","2023-08-08","Rishi Sunak",40.04,59.64
"289","2023-08-09","Rishi Sunak",40.05,59.6
"290","2023-08-10","Rishi Sunak",40.07,59.56
"291","2023-08-11","Rishi Sunak",40.08,59.52
"292","2023-08-12","Rishi Sunak",40.09,59.48
"293","2023-08-13","Rishi Sunak",40.11,59.45
"294","2023-08-14","Rishi Sunak",40,59.57
"295","2023-08-15","Rishi Sunak",39.89,59.69
"296","2023-08-16","Rishi Sunak",39.77,59.82
"297","2023-08-17","Rishi Sunak",39.66,59.94
"298","2023-08-18","Rishi Sunak",39.55,60.06
"299","2023-08-19","Rishi Sunak",39.44,60.19
"300","2023-08-20","Rishi Sunak",39.33,60.31
"301","2023-08-21","Rishi Sunak",39.27,60.37
"302","2023-08-22","Rishi Sunak",39.2,60.43
"303","2023-08-23","Rishi Sunak",39.14,60.49
"304","2023-08-24","Rishi Sunak",39.08,60.55
"305","2023-08-25","Rishi Sunak",39.02,60.6
"306","2023-08-26","Rishi Sunak",38.95,60.66
"307","2023-08-27","Rishi Sunak",38.89,60.72
"308","2023-08-28","Rishi Sunak",38.8,60.84
"309","2023-08-29","Rishi Sunak",38.72,60.97
"310","2023-08-30","Rishi Sunak",38.63,61.09
"311","2023-08-31","Rishi Sunak",38.54,61.21
"312","2023-09-01","Rishi Sunak",38.46,61.33
"313","2023-09-02","Rishi Sunak",38.37,61.45
"314","2023-09-03","Rishi Sunak",38.28,61.57
"315","2023-09-04","Rishi Sunak",38.05,61.83
"316","2023-09-05","Rishi Sunak",37.82,62.09
"317","2023-09-06","Rishi Sunak",37.59,62.35
"318","2023-09-07","Rishi Sunak",37.35,62.62
"319","2023-09-08","Rishi Sunak",37.12,62.88
"320","2023-09-09","Rishi Sunak",36.89,63.14
"321","2023-09-10","Rishi Sunak",36.65,63.4
"322","2023-09-11","Rishi Sunak",36.48,63.6
"323","2023-09-12","Rishi Sunak",36.31,63.8
"324","2023-09-13","Rishi Sunak",36.14,64
"325","2023-09-14","Rishi Sunak",35.97,64.21
"326","2023-09-15","Rishi Sunak",35.8,64.41
"327","2023-09-16","Rishi Sunak",35.63,64.61
"328","2023-09-17","Rishi Sunak",35.46,64.81
"329","2023-09-18","Rishi Sunak",35.28,64.97
"330","2023-09-19","Rishi Sunak",35.1,65.13
"331","2023-09-20","Rishi Sunak",35.26,64.97
"332","2023-09-21","Rishi Sunak",35.41,64.8
"333","2023-09-22","Rishi Sunak",35.57,64.63
"334","2023-09-23","Rishi Sunak",35.72,64.47
"335","2023-09-24","Rishi Sunak",35.88,64.3
"336","2023-09-25","Rishi Sunak",36.03,64.13
"337","2023-09-26","Rishi Sunak",36.19,63.97
"338","2023-09-27","Rishi Sunak",36.34,63.8
"339","2023-09-28","Rishi Sunak",36.5,63.64
"340","2023-09-29","Rishi Sunak",36.65,63.47
"341","2023-09-30","Rishi Sunak",36.81,63.3
"342","2023-10-01","Rishi Sunak",36.96,63.14
"343","2023-10-02","Rishi Sunak",37.12,62.97
"344","2023-10-03","Rishi Sunak",37.27,62.8
"345","2023-10-04","Rishi Sunak",37.43,62.64
"346","2023-10-05","Rishi Sunak",37.58,62.47
"347","2023-10-06","Rishi Sunak",37.74,62.3
"348","2023-10-07","Rishi Sunak",37.89,62.14
"349","2023-10-08","Rishi Sunak",38.05,61.97
"350","2023-10-09","Rishi Sunak",38.2,61.8
"351","2023-10-10","Rishi Sunak",38.36,61.64
"352","2023-10-11","Rishi Sunak",38.51,61.47
"353","2023-10-12","Rishi Sunak",38.67,61.31
"354","2023-10-13","Rishi Sunak",38.82,61.14
"355","2023-10-14","Rishi Sunak",38.98,60.97
"356","2023-10-15","Rishi Sunak",39.13,60.81
"357","2023-10-16","Rishi Sunak",39.18,60.75
"358","2023-10-17","Rishi Sunak",39.22,60.69
"359","2023-10-18","Rishi Sunak",39.26,60.63
"360","2023-10-19","Rishi Sunak",39.3,60.58
"361","2023-10-20","Rishi Sunak",39.35,60.52
"362","2023-10-21","Rishi Sunak",39.39,60.46
"363","2023-10-22","Rishi Sunak",39.43,60.41
"364","2023-10-23","Rishi Sunak",39.42,60.4
"365","2023-10-24","Rishi Sunak",39.41,60.39
"366","2023-10-25","Rishi Sunak",39.4,60.38
"367","2023-10-26","Rishi Sunak",39.39,60.37
"368","2023-10-27","Rishi Sunak",39.37,60.37
"369","2023-10-28","Rishi Sunak",39.36,60.36
"370","2023-10-29","Rishi Sunak",39.35,60.35
"371","2023-10-30","Rishi Sunak",39.3,60.42
"372","2023-10-31","Rishi Sunak",39.25,60.49
"373","2023-11-01","Rishi Sunak",39.2,60.56
"374","2023-11-02","Rishi Sunak",39.15,60.63
"375","2023-11-03","Rishi Sunak",39.1,60.7
"376","2023-11-04","Rishi Sunak",39.05,60.77
"377","2023-11-05","Rishi Sunak",39,60.83
"378","2023-11-06","Rishi Sunak",38.91,60.88
"379","2023-11-07","Rishi Sunak",38.82,60.93
"380","2023-11-08","Rishi Sunak",38.73,60.98
"381","2023-11-09","Rishi Sunak",38.64,61.03
"382","2023-11-10","Rishi Sunak",38.55,61.08
"383","2023-11-11","Rishi Sunak",38.46,61.13
"384","2023-11-12","Rishi Sunak",38.37,61.18
"385","2023-11-13","Rishi Sunak",38.34,61.21
"386","2023-11-14","Rishi Sunak",38.3,61.23
"387","2023-11-15","Rishi Sunak",38.27,61.26
"388","2023-11-16","Rishi Sunak",38.24,61.29
"389","2023-11-17","Rishi Sunak",38.21,61.32
"390","2023-11-18","Rishi Sunak",38.18,61.35
"391","2023-11-19","Rishi Sunak",38.14,61.38
"392","2023-11-20","Rishi Sunak",38.15,61.36
"393","2023-11-21","Rishi Sunak",38.16,61.34
"394","2023-11-22","Rishi Sunak",38.16,61.31
"395","2023-11-23","Rishi Sunak",38.17,61.29
"396","2023-11-24","Rishi Sunak",38.17,61.27
"397","2023-11-25","Rishi Sunak",38.18,61.24
"398","2023-11-26","Rishi Sunak",38.19,61.22
"399","2023-11-27","Rishi Sunak",38.19,61.23
"400","2023-11-28","Rishi Sunak",38.2,61.23
"401","2023-11-29","Rishi Sunak",38.21,61.24
"402","2023-11-30","Rishi Sunak",38.22,61.24
"403","2023-12-01","Rishi Sunak",38.22,61.25
"404","2023-12-02","Rishi Sunak",38.23,61.25
"405","2023-12-03","Rishi Sunak",38.24,61.26
"406","2023-12-04","Rishi Sunak",38.15,61.39
"407","2023-12-05","Rishi Sunak",38.07,61.51
"408","2023-12-06","Rishi Sunak",37.98,61.64
"409","2023-12-07","Rishi Sunak",37.9,61.77
"410","2023-12-08","Rishi Sunak",37.81,61.9
"411","2023-12-09","Rishi Sunak",37.72,62.03
"412","2023-12-10","Rishi Sunak",37.64,62.16
"413","2023-12-11","Rishi Sunak",37.57,62.19
"414","2023-12-12","Rishi Sunak",37.51,62.22
"415","2023-12-13","Rishi Sunak",37.44,62.26
"416","2023-12-14","Rishi Sunak",37.38,62.29
"417","2023-12-15","Rishi Sunak",37.31,62.33
"418","2023-12-16","Rishi Sunak",37.24,62.36
"419","2023-12-17","Rishi Sunak",37.18,62.4
"420","2023-12-18","Rishi Sunak",37.13,62.45
"421","2023-12-19","Rishi Sunak",37.08,62.51
"422","2023-12-20","Rishi Sunak",37.02,62.57
"423","2023-12-21","Rishi Sunak",36.97,62.63
"424","2023-12-22","Rishi Sunak",36.92,62.68
"425","2023-12-23","Rishi Sunak",36.87,62.74
"426","2023-12-24","Rishi Sunak",36.82,62.8
"427","2023-12-25","Rishi Sunak",36.77,62.86
"428","2023-12-26","Rishi Sunak",36.72,62.91
"429","2023-12-27","Rishi Sunak",36.67,62.97
"430","2023-12-28","Rishi Sunak",36.61,63.03
"431","2023-12-29","Rishi Sunak",36.56,63.09
"432","2023-12-30","Rishi Sunak",36.51,63.14
"433","2023-12-31","Rishi Sunak",36.46,63.2
"434","2024-01-01","Rishi Sunak",36.41,63.26
"435","2024-01-02","Rishi Sunak",36.36,63.32
"436","2024-01-03","Rishi Sunak",36.31,63.37
"437","2024-01-04","Rishi Sunak",36.26,63.43
"438","2024-01-05","Rishi Sunak",36.2,63.49
"439","2024-01-06","Rishi Sunak",36.15,63.55
"440","2024-01-07","Rishi Sunak",36.1,63.6
"441","2024-01-08","Rishi Sunak",35.87,63.83
"442","2024-01-09","Rishi Sunak",35.63,64.06
"443","2024-01-10","Rishi Sunak",35.4,64.29
"444","2024-01-11","Rishi Sunak",35.16,64.52
"445","2024-01-12","Rishi Sunak",34.93,64.75
"446","2024-01-13","Rishi Sunak",34.93,64.79
"447","2024-01-14","Rishi Sunak",34.94,64.82
"448","2024-01-15","Rishi Sunak",34.75,65.05
"449","2024-01-16","Rishi Sunak",34.56,65.28
"450","2024-01-17","Rishi Sunak",34.37,65.5
"451","2024-01-18","Rishi Sunak",34.18,65.73
"452","2024-01-19","Rishi Sunak",33.99,65.95
"453","2024-01-20","Rishi Sunak",33.8,66.18
"454","2024-01-21","Rishi Sunak",33.61,66.41
"455","2024-01-22","Rishi Sunak",33.32,66.67
"456","2024-01-23","Rishi Sunak",33.04,66.93
"457","2024-01-24","Rishi Sunak",33.09,66.85
"458","2024-01-25","Rishi Sunak",33.15,66.78
"459","2024-01-26","Rishi Sunak",33.21,66.7
"460","2024-01-27","Rishi Sunak",33.34,66.53
"461","2024-01-28","Rishi Sunak",33.48,66.37
"462","2024-01-29","Rishi Sunak",33.4,66.4
"463","2024-01-30","Rishi Sunak",33.33,66.44
"464","2024-01-31","Rishi Sunak",33.26,66.47
"465","2024-02-01","Rishi Sunak",33.19,66.51
"466","2024-02-02","Rishi Sunak",33.11,66.55
"467","2024-02-03","Rishi Sunak",33.15,66.5
"468","2024-02-04","Rishi Sunak",33.2,66.46
"469","2024-02-05","Rishi Sunak",33.02,66.62
"470","2024-02-06","Rishi Sunak",32.84,66.79
"471","2024-02-07","Rishi Sunak",32.66,66.95
"472","2024-02-08","Rishi Sunak",32.48,67.11
"473","2024-02-09","Rishi Sunak",32.3,67.28
"474","2024-02-10","Rishi Sunak",32.27,67.27
"475","2024-02-11","Rishi Sunak",32.23,67.25
"476","2024-02-12","Rishi Sunak",32.18,67.34
"477","2024-02-13","Rishi Sunak",32.13,67.43
"478","2024-02-14","Rishi Sunak",32.09,67.52
"479","2024-02-15","Rishi Sunak",32.04,67.61
"480","2024-02-16","Rishi Sunak",31.99,67.7
"481","2024-02-17","Rishi Sunak",32,67.7
"482","2024-02-18","Rishi Sunak",32,67.71
"483","2024-02-19","Rishi Sunak",31.91,67.85
"484","2024-02-20","Rishi Sunak",31.81,67.99
"485","2024-02-21","Rishi Sunak",31.72,68.13
"486","2024-02-22","Rishi Sunak",31.62,68.27
"487","2024-02-23","Rishi Sunak",31.52,68.41
"488","2024-02-24","Rishi Sunak",31.44,68.58
"489","2024-02-25","Rishi Sunak",31.36,68.75
"490","2024-02-26","Rishi Sunak",31.17,68.97
"491","2024-02-27","Rishi Sunak",30.98,69.2
"492","2024-02-28","Rishi Sunak",30.79,69.42
"493","2024-02-29","Rishi Sunak",30.97,69.22
"494","2024-03-01","Rishi Sunak",31.15,69.02
"495","2024-03-02","Rishi Sunak",31.36,68.77
"496","2024-03-03","Rishi Sunak",31.56,68.51
"497","2024-03-04","Rishi Sunak",31.77,68.26
"498","2024-03-05","Rishi Sunak",31.85,68.19
"499","2024-03-06","Rishi Sunak",31.93,68.12
"500","2024-03-07","Rishi Sunak",32.01,68.05
"501","2024-03-08","Rishi Sunak",32.08,67.98
"502","2024-03-09","Rishi Sunak",32.31,67.77
"503","2024-03-10","Rishi Sunak",32.54,67.56
"504","2024-03-11","Rishi Sunak",32.59,67.47
"505","2024-03-12","Rishi Sunak",32.63,67.38
"506","2024-03-13","Rishi Sunak",32.68,67.29
"507","2024-03-14","Rishi Sunak",32.73,67.2
"508","2024-03-15","Rishi Sunak",32.78,67.11
"509","2024-03-16","Rishi Sunak",32.88,67
"510","2024-03-17","Rishi Sunak",32.99,66.9
"511","2024-03-18","Rishi Sunak",33.04,66.84
"512","2024-03-19","Rishi Sunak",33.09,66.79
"513","2024-03-20","Rishi Sunak",33.14,66.73
"514","2024-03-21","Rishi Sunak",33.19,66.68
"515","2024-03-22","Rishi Sunak",33.24,66.62
"516","2024-03-23","Rishi Sunak",33.29,66.57
"517","2024-03-24","Rishi Sunak",33.5,66.35
"518","2024-03-25","Rishi Sunak",33.46,66.42
"519","2024-03-26","Rishi Sunak",33.41,66.49
"520","2024-03-27","Rishi Sunak",33.37,66.57
"521","2024-03-28","Rishi Sunak",33.32,66.64
"522","2024-03-29","Rishi Sunak",33.29,66.7
"523","2024-03-30","Rishi Sunak",33.26,66.76
"524","2024-03-31","Rishi Sunak",33.23,66.82
"525","2024-04-01","Rishi Sunak",33.1,66.98
"526","2024-04-02","Rishi Sunak",32.96,67.14
"527","2024-04-03","Rishi Sunak",32.83,67.31
"528","2024-04-04","Rishi Sunak",32.7,67.47
"529","2024-04-05","Rishi Sunak",32.56,67.63
"530","2024-04-06","Rishi Sunak",32.46,67.73
"531","2024-04-07","Rishi Sunak",32.36,67.82
"532","2024-04-08","Rishi Sunak",32.11,68.07
"533","2024-04-09","Rishi Sunak",31.86,68.31
"534","2024-04-10","Rishi Sunak",31.62,68.56
"535","2024-04-11","Rishi Sunak",31.37,68.8
"536","2024-04-12","Rishi Sunak",31.12,69.05
"537","2024-04-13","Rishi Sunak",30.85,69.33
"538","2024-04-14","Rishi Sunak",30.57,69.61
"539","2024-04-15","Rishi Sunak",30.15,69.99
"540","2024-04-16","Rishi Sunak",30.29,69.8
"541","2024-04-17","Rishi Sunak",30.44,69.61
"542","2024-04-18","Rishi Sunak",30.69,69.32
"543","2024-04-19","Rishi Sunak",30.94,69.03
"544","2024-04-20","Rishi Sunak",31.19,68.75
"545","2024-04-21","Rishi Sunak",31.43,68.47
"546","2024-04-22","Rishi Sunak",31.42,68.43
"547","2024-04-23","Rishi Sunak",31.4,68.4
"548","2024-04-24","Rishi Sunak",31.39,68.36
"549","2024-04-25","Rishi Sunak",31.37,68.33
"550","2024-04-26","Rishi Sunak",31.35,68.29
"551","2024-04-27","Rishi Sunak",31.38,68.24
"552","2024-04-28","Rishi Sunak",31.4,68.19
"553","2024-04-29","Rishi Sunak",31.25,68.35
"554","2024-04-30","Rishi Sunak",31.09,68.52
"555","2024-05-01","Rishi Sunak",30.94,68.69
"556","2024-05-02","Rishi Sunak",30.78,68.85
"557","2024-05-03","Rishi Sunak",30.63,69.02
"558","2024-05-04","Rishi Sunak",30.73,68.96
"559","2024-05-05","Rishi Sunak",30.84,68.9
"560","2024-05-06","Rishi Sunak",30.75,69.03
"561","2024-05-07","Rishi Sunak",30.66,69.15
"562","2024-05-08","Rishi Sunak",30.58,69.28
"563","2024-05-09","Rishi Sunak",30.49,69.41
"564","2024-05-10","Rishi Sunak",30.4,69.54
"565","2024-05-11","Rishi Sunak",30.29,69.63
"566","2024-05-12","Rishi Sunak",30.19,69.72
"567","2024-05-13","Rishi Sunak",30.1,69.8
"568","2024-05-14","Rishi Sunak",30.02,69.87
"569","2024-05-15","Rishi Sunak",30.37,69.49
"570","2024-05-16","Rishi Sunak",30.72,69.12
"571","2024-05-17","Rishi Sunak",31.08,68.75
"572","2024-05-18","Rishi Sunak",31.4,68.43
"573","2024-05-19","Rishi Sunak",31.73,68.12
"574","2024-05-20","Rishi Sunak",31.59,68.26
"575","2024-05-21","Rishi Sunak",31.95,67.89
"576","2024-05-22","Rishi Sunak",32.11,67.71
"577","2024-05-23","Rishi Sunak",32.28,67.54
"578","2024-05-24","Rishi Sunak",32.44,67.36
"579","2024-05-25","Rishi Sunak",32.67,67.05
"580","2024-05-26","Rishi Sunak",32.91,66.75
"581","2024-05-27","Rishi Sunak",33.14,66.44
"582","2024-05-28","Rishi Sunak",32.86,66.76
"583","2024-05-29","Rishi Sunak",32.58,67.09
"584","2024-05-30","Rishi Sunak",32.3,67.41
"585","2024-05-31","Rishi Sunak",32.02,67.74
"586","2024-06-01","Rishi Sunak",31.86,67.92
"587","2024-06-02","Rishi Sunak",31.71,68.1
"588","2024-06-03","Rishi Sunak",31.55,68.28
"589","2024-06-04","Rishi Sunak",31.4,68.46
"590","2024-06-05","Rishi Sunak",31.24,68.64
"591","2024-06-06","Rishi Sunak",31.08,68.81
"592","2024-06-07","Rishi Sunak",30.93,68.99
"593","2024-06-08","Rishi Sunak",30.87,69.07
"594","2024-06-09","Rishi Sunak",30.81,69.15
"595","2024-06-10","Rishi Sunak",30.75,69.23
"596","2024-06-11","Rishi Sunak",30.35,69.47
"597","2024-06-12","Rishi Sunak",29.95,69.72
"598","2024-06-13","Rishi Sunak",29.56,69.97
"599","2024-06-14","Rishi Sunak",29.19,70.12
"600","2024-06-15","Rishi Sunak",29.23,69.64
"601","2024-06-16","Rishi Sunak",29.28,69.15
"602","2024-06-17","Rishi Sunak",29.32,68.67
"603","2024-06-18","Rishi Sunak",28.68,68.6
"604","2024-06-19","Rishi Sunak",28.05,68.54
"605","2024-06-20","Rishi Sunak",27.76,68.02
"606","2024-06-21","Rishi Sunak",27.48,67.5
"607","2024-06-22","Rishi Sunak",27.19,66.97
"608","2024-06-23","Rishi Sunak",26.9,66.45
"609","2024-06-24","Rishi Sunak",26.62,65.93
"610","2022-09-07","Liz Truss",28.82,35.98
"611","2022-09-08","Liz Truss",28.96,36.37
"612","2022-09-09","Liz Truss",29.09,36.75
"613","2022-09-10","Liz Truss",29.23,37.14
"614","2022-09-11","Liz Truss",29.37,37.52
"615","2022-09-12","Liz Truss",29.18,37.85
"616","2022-09-13","Liz Truss",28.98,38.18
"617","2022-09-14","Liz Truss",28.79,38.51
"618","2022-09-15","Liz Truss",28.59,38.84
"619","2022-09-16","Liz Truss",28.36,39.36
"620","2022-09-17","Liz Truss",28.12,39.88
"621","2022-09-18","Liz Truss",27.89,40.4
"622","2022-09-19","Liz Truss",27.5,41.54
"623","2022-09-20","Liz Truss",27.12,42.69
"624","2022-09-21","Liz Truss",26.73,43.83
"625","2022-09-22","Liz Truss",26.35,44.97
"626","2022-09-23","Liz Truss",25.97,45.8
"627","2022-09-24","Liz Truss",25.6,46.64
"628","2022-09-25","Liz Truss",25.23,47.47
"629","2022-09-26","Liz Truss",24.58,48.72
"630","2022-09-27","Liz Truss",23.93,49.97
"631","2022-09-28","Liz Truss",23.28,51.22
"632","2022-09-29","Liz Truss",22.64,52.46
"633","2022-09-30","Liz Truss",21.66,54.1
"634","2022-10-01","Liz Truss",20.68,55.73
"635","2022-10-02","Liz Truss",19.7,57.37
"636","2022-10-03","Liz Truss",19.06,58.55
"637","2022-10-04","Liz Truss",18.42,59.74
"638","2022-10-05","Liz Truss",17.78,60.92
"639","2022-10-06","Liz Truss",17.28,62.09
"640","2022-10-07","Liz Truss",16.77,63.25
"641","2022-10-08","Liz Truss",16.27,64.27
"642","2022-10-09","Liz Truss",15.78,65.28
"643","2022-10-10","Liz Truss",15.22,66.49
"644","2022-10-11","Liz Truss",14.66,67.71
"645","2022-10-12","Liz Truss",14.09,68.92
"646","2022-10-13","Liz Truss",13.56,69.73
"647","2022-10-14","Liz Truss",12.9,70.75
"648","2022-10-15","Liz Truss",12.25,71.77
"649","2022-10-16","Liz Truss",11.59,72.79
"650","2022-10-17","Liz Truss",11.35,73.45
"651","2022-10-18","Liz Truss",11.11,74.1
"652","2022-10-19","Liz Truss",10.87,74.76
"653","2022-10-20","Liz Truss",10.38,75.34
"654","2022-10-21","Liz Truss",9.9,75.92
"655","2022-10-22","Liz Truss",9.42,76.5
"656","2022-10-23","Liz Truss",8.93,77.08
"657","2022-10-24","Liz Truss",8.93,77.08
"658","2019-07-29","Boris Johnson",48.72,50.6
"659","2019-07-30","Boris Johnson",48.65,50.65
"660","2019-07-31","Boris Johnson",48.58,50.7
"661","2019-08-01","Boris Johnson",48.5,50.75
"662","2019-08-02","Boris Johnson",48.43,50.8
"663","2019-08-03","Boris Johnson",48.36,50.85
"664","2019-08-04","Boris Johnson",48.28,50.9
"665","2019-08-05","Boris Johnson",48.21,50.95
"666","2019-08-06","Boris Johnson",48.13,51
"667","2019-08-07","Boris Johnson",48.06,51.05
"668","2019-08-08","Boris Johnson",47.99,51.1
"669","2019-08-09","Boris Johnson",47.91,51.15
"670","2019-08-10","Boris Johnson",47.84,51.2
"671","2019-08-11","Boris Johnson",47.77,51.25
"672","2019-08-12","Boris Johnson",47.69,51.3
"673","2019-08-13","Boris Johnson",47.62,51.35
"674","2019-08-14","Boris Johnson",47.55,51.4
"675","2019-08-15","Boris Johnson",47.47,51.45
"676","2019-08-16","Boris Johnson",47.4,51.5
"677","2019-08-17","Boris Johnson",47.33,51.55
"678","2019-08-18","Boris Johnson",47.25,51.6
"679","2019-08-19","Boris Johnson",47.18,51.65
"680","2019-08-20","Boris Johnson",47.1,51.7
"681","2019-08-21","Boris Johnson",47.03,51.74
"682","2019-08-22","Boris Johnson",46.96,51.79
"683","2019-08-23","Boris Johnson",46.88,51.84
"684","2019-08-24","Boris Johnson",46.81,51.89
"685","2019-08-25","Boris Johnson",46.74,51.94
"686","2019-08-26","Boris Johnson",46.66,51.99
"687","2019-08-27","Boris Johnson",46.54,52.09
"688","2019-08-28","Boris Johnson",46.42,52.19
"689","2019-08-29","Boris Johnson",46.3,52.28
"690","2019-08-30","Boris Johnson",46.17,52.38
"691","2019-08-31","Boris Johnson",46.05,52.48
"692","2019-09-01","Boris Johnson",45.93,52.57
"693","2019-09-02","Boris Johnson",45.81,52.67
"694","2019-09-03","Boris Johnson",45.68,52.77
"695","2019-09-04","Boris Johnson",45.56,52.86
"696","2019-09-05","Boris Johnson",45.44,52.96
"697","2019-09-06","Boris Johnson",45.32,53.06
"698","2019-09-07","Boris Johnson",45.19,53.15
"699","2019-09-08","Boris Johnson",45.07,53.25
"700","2019-09-09","Boris Johnson",44.95,53.35
"701","2019-09-10","Boris Johnson",44.83,53.44
"702","2019-09-11","Boris Johnson",44.71,53.54
"703","2019-09-12","Boris Johnson",44.58,53.64
"704","2019-09-13","Boris Johnson",44.46,53.73
"705","2019-09-14","Boris Johnson",44.34,53.83
"706","2019-09-15","Boris Johnson",44.22,53.93
"707","2019-09-16","Boris Johnson",44.09,54.02
"708","2019-09-17","Boris Johnson",43.97,54.12
"709","2019-09-18","Boris Johnson",43.85,54.22
"710","2019-09-19","Boris Johnson",43.73,54.31
"711","2019-09-20","Boris Johnson",43.6,54.41
"712","2019-09-21","Boris Johnson",43.48,54.51
"713","2019-09-22","Boris Johnson",43.36,54.6
"714","2019-09-23","Boris Johnson",43.24,54.7
"715","2019-09-24","Boris Johnson",43.24,54.59
"716","2019-09-25","Boris Johnson",43.25,54.49
"717","2019-09-26","Boris Johnson",43.25,54.38
"718","2019-09-27","Boris Johnson",43.26,54.27
"719","2019-09-28","Boris Johnson",43.26,54.17
"720","2019-09-29","Boris Johnson",43.27,54.06
"721","2019-09-30","Boris Johnson",43.28,53.95
"722","2019-10-01","Boris Johnson",43.28,53.85
"723","2019-10-02","Boris Johnson",43.29,53.74
"724","2019-10-03","Boris Johnson",43.29,53.63
"725","2019-10-04","Boris Johnson",43.3,53.53
"726","2019-10-05","Boris Johnson",43.3,53.42
"727","2019-10-06","Boris Johnson",43.31,53.31
"728","2019-10-07","Boris Johnson",43.31,53.21
"729","2019-10-08","Boris Johnson",43.32,53.1
"730","2019-10-09","Boris Johnson",43.32,52.99
"731","2019-10-10","Boris Johnson",43.33,52.89
"732","2019-10-11","Boris Johnson",43.33,52.78
"733","2019-10-12","Boris Johnson",43.34,52.67
"734","2019-10-13","Boris Johnson",43.34,52.56
"735","2019-10-14","Boris Johnson",43.35,52.46
"736","2019-10-15","Boris Johnson",43.36,52.35
"737","2019-10-16","Boris Johnson",43.36,52.24
"738","2019-10-17","Boris Johnson",43.37,52.14
"739","2019-10-18","Boris Johnson",43.37,52.03
"740","2019-10-19","Boris Johnson",43.38,51.92
"741","2019-10-20","Boris Johnson",43.38,51.82
"742","2019-10-21","Boris Johnson",43.39,51.71
"743","2019-10-22","Boris Johnson",43.48,51.73
"744","2019-10-23","Boris Johnson",43.57,51.76
"745","2019-10-24","Boris Johnson",43.67,51.78
"746","2019-10-25","Boris Johnson",43.76,51.81
"747","2019-10-26","Boris Johnson",43.85,51.83
"748","2019-10-27","Boris Johnson",43.94,51.86
"749","2019-10-28","Boris Johnson",44.04,51.88
"750","2019-10-29","Boris Johnson",44.13,51.91
"751","2019-10-30","Boris Johnson",44.22,51.93
"752","2019-10-31","Boris Johnson",44.31,51.95
"753","2019-11-01","Boris Johnson",44.41,51.98
"754","2019-11-02","Boris Johnson",44.5,52
"755","2019-11-03","Boris Johnson",44.59,52.03
"756","2019-11-04","Boris Johnson",44.68,52.05
"757","2019-11-05","Boris Johnson",44.78,52.08
"758","2019-11-06","Boris Johnson",44.87,52.1
"759","2019-11-07","Boris Johnson",44.96,52.13
"760","2019-11-08","Boris Johnson",45.05,52.15
"761","2019-11-09","Boris Johnson",45.15,52.17
"762","2019-11-10","Boris Johnson",45.24,52.2
"763","2019-11-11","Boris Johnson",45.33,52.22
"764","2019-11-12","Boris Johnson",45.42,52.25
"765","2019-11-13","Boris Johnson",45.52,52.27
"766","2019-11-14","Boris Johnson",45.61,52.3
"767","2019-11-15","Boris Johnson",45.7,52.32
"768","2019-11-16","Boris Johnson",45.79,52.35
"769","2019-11-17","Boris Johnson",45.89,52.37
"770","2019-11-18","Boris Johnson",45.98,52.39
"771","2019-11-19","Boris Johnson",46.11,52.28
"772","2019-11-20","Boris Johnson",46.24,52.17
"773","2019-11-21","Boris Johnson",46.37,52.06
"774","2019-11-22","Boris Johnson",46.5,51.95
"775","2019-11-23","Boris Johnson",46.63,51.84
"776","2019-11-24","Boris Johnson",46.76,51.73
"777","2019-11-25","Boris Johnson",46.88,51.62
"778","2019-11-26","Boris Johnson",47.01,51.51
"779","2019-11-27","Boris Johnson",47.14,51.4
"780","2019-11-28","Boris Johnson",47.27,51.29
"781","2019-11-29","Boris Johnson",47.4,51.18
"782","2019-11-30","Boris Johnson",47.53,51.07
"783","2019-12-01","Boris Johnson",47.66,50.96
"784","2019-12-02","Boris Johnson",47.79,50.85
"785","2019-12-03","Boris Johnson",47.92,50.74
"786","2019-12-04","Boris Johnson",48.05,50.63
"787","2019-12-05","Boris Johnson",48.18,50.52
"788","2019-12-06","Boris Johnson",48.31,50.41
"789","2019-12-07","Boris Johnson",48.44,50.3
"790","2019-12-08","Boris Johnson",48.57,50.19
"791","2019-12-09","Boris Johnson",48.69,50.08
"792","2019-12-10","Boris Johnson",48.82,49.97
"793","2019-12-11","Boris Johnson",48.95,49.86
"794","2019-12-12","Boris Johnson",49.08,49.75
"795","2019-12-13","Boris Johnson",49.21,49.64
"796","2019-12-14","Boris Johnson",49.34,49.53
"797","2019-12-15","Boris Johnson",49.47,49.42
"798","2019-12-16","Boris Johnson",49.6,49.31
"799","2019-12-17","Boris Johnson",49.73,49.2
"800","2019-12-18","Boris Johnson",49.86,49.09
"801","2019-12-19","Boris Johnson",49.99,48.98
"802","2019-12-20","Boris Johnson",50.12,48.87
"803","2019-12-21","Boris Johnson",50.25,48.76
"804","2019-12-22","Boris Johnson",50.38,48.65
"805","2019-12-23","Boris Johnson",50.51,48.54
"806","2019-12-24","Boris Johnson",50.57,48.5
"807","2019-12-25","Boris Johnson",50.64,48.46
"808","2019-12-26","Boris Johnson",50.71,48.42
"809","2019-12-27","Boris Johnson",50.77,48.38
"810","2019-12-28","Boris Johnson",50.84,48.34
"811","2019-12-29","Boris Johnson",50.91,48.3
"812","2019-12-30","Boris Johnson",50.97,48.26
"813","2019-12-31","Boris Johnson",51.04,48.22
"814","2020-01-01","Boris Johnson",51.11,48.18
"815","2020-01-02","Boris Johnson",51.17,48.13
"816","2020-01-03","Boris Johnson",51.24,48.09
"817","2020-01-04","Boris Johnson",51.31,48.05
"818","2020-01-05","Boris Johnson",51.37,48.01
"819","2020-01-06","Boris Johnson",51.44,47.97
"820","2020-01-07","Boris Johnson",51.51,47.93
"821","2020-01-08","Boris Johnson",51.57,47.89
"822","2020-01-09","Boris Johnson",51.64,47.85
"823","2020-01-10","Boris Johnson",51.71,47.81
"824","2020-01-11","Boris Johnson",51.78,47.77
"825","2020-01-12","Boris Johnson",51.84,47.73
"826","2020-01-13","Boris Johnson",51.91,47.69
"827","2020-01-14","Boris Johnson",51.98,47.65
"828","2020-01-15","Boris Johnson",52.04,47.6
"829","2020-01-16","Boris Johnson",52.11,47.56
"830","2020-01-17","Boris Johnson",52.18,47.52
"831","2020-01-18","Boris Johnson",52.15,47.56
"832","2020-01-19","Boris Johnson",52.13,47.6
"833","2020-01-20","Boris Johnson",52.11,47.63
"834","2020-01-21","Boris Johnson",52.18,47.57
"835","2020-01-22","Boris Johnson",52.25,47.5
"836","2020-01-23","Boris Johnson",52.33,47.43
"837","2020-01-24","Boris Johnson",52.4,47.36
"838","2020-01-25","Boris Johnson",52.47,47.29
"839","2020-01-26","Boris Johnson",52.55,47.23
"840","2020-01-27","Boris Johnson",52.62,47.16
"841","2020-01-28","Boris Johnson",52.69,47.09
"842","2020-01-29","Boris Johnson",52.76,47.02
"843","2020-01-30","Boris Johnson",52.84,46.95
"844","2020-01-31","Boris Johnson",52.91,46.89
"845","2020-02-01","Boris Johnson",52.98,46.82
"846","2020-02-02","Boris Johnson",53.06,46.75
"847","2020-02-03","Boris Johnson",53.13,46.68
"848","2020-02-04","Boris Johnson",53.2,46.61
"849","2020-02-05","Boris Johnson",53.28,46.54
"850","2020-02-06","Boris Johnson",53.35,46.48
"851","2020-02-07","Boris Johnson",53.42,46.41
"852","2020-02-08","Boris Johnson",53.49,46.34
"853","2020-02-09","Boris Johnson",53.57,46.27
"854","2020-02-10","Boris Johnson",53.64,46.2
"855","2020-02-11","Boris Johnson",53.71,46.14
"856","2020-02-12","Boris Johnson",53.79,46.07
"857","2020-02-13","Boris Johnson",53.86,46
"858","2020-02-14","Boris Johnson",53.93,45.93
"859","2020-02-15","Boris Johnson",53.96,45.9
"860","2020-02-16","Boris Johnson",53.99,45.87
"861","2020-02-17","Boris Johnson",54.02,45.84
"862","2020-02-18","Boris Johnson",53.99,45.87
"863","2020-02-19","Boris Johnson",53.96,45.89
"864","2020-02-20","Boris Johnson",53.93,45.92
"865","2020-02-21","Boris Johnson",53.89,45.95
"866","2020-02-22","Boris Johnson",53.86,45.98
"867","2020-02-23","Boris Johnson",53.83,46
"868","2020-02-24","Boris Johnson",53.8,46.03
"869","2020-02-25","Boris Johnson",53.76,46.06
"870","2020-02-26","Boris Johnson",53.73,46.08
"871","2020-02-27","Boris Johnson",53.7,46.11
"872","2020-02-28","Boris Johnson",53.67,46.14
"873","2020-02-29","Boris Johnson",53.63,46.17
"874","2020-03-01","Boris Johnson",53.6,46.19
"875","2020-03-02","Boris Johnson",53.57,46.22
"876","2020-03-03","Boris Johnson",53.53,46.25
"877","2020-03-04","Boris Johnson",53.5,46.27
"878","2020-03-05","Boris Johnson",53.47,46.3
"879","2020-03-06","Boris Johnson",53.7,46.06
"880","2020-03-07","Boris Johnson",53.92,45.82
"881","2020-03-08","Boris Johnson",54.15,45.58
"882","2020-03-09","Boris Johnson",54.38,45.34
"883","2020-03-10","Boris Johnson",54.6,45.1
"884","2020-03-11","Boris Johnson",54.83,44.86
"885","2020-03-12","Boris Johnson",55.06,44.62
"886","2020-03-13","Boris Johnson",55.28,44.38
"887","2020-03-14","Boris Johnson",55.81,43.86
"888","2020-03-15","Boris Johnson",56.34,43.33
"889","2020-03-16","Boris Johnson",56.86,42.8
"890","2020-03-17","Boris Johnson",57.36,42.32
"891","2020-03-18","Boris Johnson",57.85,41.85
"892","2020-03-19","Boris Johnson",58.65,41.01
"893","2020-03-20","Boris Johnson",59.46,40.18
"894","2020-03-21","Boris Johnson",60.26,39.35
"895","2020-03-22","Boris Johnson",61.06,38.51
"896","2020-03-23","Boris Johnson",61.86,37.68
"897","2020-03-24","Boris Johnson",62.66,36.84
"898","2020-03-25","Boris Johnson",63.47,36.01
"899","2020-03-26","Boris Johnson",64.27,35.18
"900","2020-03-27","Boris Johnson",65.07,34.34
"901","2020-03-28","Boris Johnson",65.39,33.94
"902","2020-03-29","Boris Johnson",65.72,33.53
"903","2020-03-30","Boris Johnson",66.04,33.12
"904","2020-03-31","Boris Johnson",66.36,32.72
"905","2020-04-01","Boris Johnson",66.69,32.31
"906","2020-04-02","Boris Johnson",67.01,31.9
"907","2020-04-03","Boris Johnson",67,31.77
"908","2020-04-04","Boris Johnson",67.03,31.79
"909","2020-04-05","Boris Johnson",67.06,31.81
"910","2020-04-06","Boris Johnson",67.09,31.83
"911","2020-04-07","Boris Johnson",67.12,31.85
"912","2020-04-08","Boris Johnson",67.15,31.88
"913","2020-04-09","Boris Johnson",67.18,31.9
"914","2020-04-10","Boris Johnson",67.21,31.92
"915","2020-04-11","Boris Johnson",67.24,31.94
"916","2020-04-12","Boris Johnson",67.26,31.96
"917","2020-04-13","Boris Johnson",67.29,31.98
"918","2020-04-14","Boris Johnson",67.17,32.18
"919","2020-04-15","Boris Johnson",67.04,32.37
"920","2020-04-16","Boris Johnson",66.92,32.56
"921","2020-04-17","Boris Johnson",66.8,32.75
"922","2020-04-18","Boris Johnson",66.66,32.94
"923","2020-04-19","Boris Johnson",66.52,33.12
"924","2020-04-20","Boris Johnson",66.39,33.31
"925","2020-04-21","Boris Johnson",66.25,33.49
"926","2020-04-22","Boris Johnson",66.11,33.68
"927","2020-04-23","Boris Johnson",65.98,33.86
"928","2020-04-24","Boris Johnson",66.04,33.85
"929","2020-04-25","Boris Johnson",65.95,33.97
"930","2020-04-26","Boris Johnson",65.86,34.09
"931","2020-04-27","Boris Johnson",65.58,34.36
"932","2020-04-28","Boris Johnson",65.29,34.63
"933","2020-04-29","Boris Johnson",64.74,35.15
"934","2020-04-30","Boris Johnson",64.19,35.68
"935","2020-05-01","Boris Johnson",63.64,36.21
"936","2020-05-02","Boris Johnson",63.15,36.68
"937","2020-05-03","Boris Johnson",62.66,37.14
"938","2020-05-04","Boris Johnson",62.18,37.6
"939","2020-05-05","Boris Johnson",61.69,38.06
"940","2020-05-06","Boris Johnson",61.2,38.53
"941","2020-05-07","Boris Johnson",60.8,38.89
"942","2020-05-08","Boris Johnson",60.37,39.32
"943","2020-05-09","Boris Johnson",59.94,39.75
"944","2020-05-10","Boris Johnson",59.52,40.17
"945","2020-05-11","Boris Johnson",59.02,40.7
"946","2020-05-12","Boris Johnson",58.53,41.22
"947","2020-05-13","Boris Johnson",58.04,41.74
"948","2020-05-14","Boris Johnson",57.55,42.26
"949","2020-05-15","Boris Johnson",57.23,42.56
"950","2020-05-16","Boris Johnson",56.9,42.86
"951","2020-05-17","Boris Johnson",56.58,43.16
"952","2020-05-18","Boris Johnson",56.16,43.6
"953","2020-05-19","Boris Johnson",55.8,43.99
"954","2020-05-20","Boris Johnson",55.43,44.37
"955","2020-05-21","Boris Johnson",55.06,44.75
"956","2020-05-22","Boris Johnson",54.69,45.14
"957","2020-05-23","Boris Johnson",54.37,45.47
"958","2020-05-24","Boris Johnson",54.05,45.8
"959","2020-05-25","Boris Johnson",53.72,46.13
"960","2020-05-26","Boris Johnson",53.4,46.47
"961","2020-05-27","Boris Johnson",52.92,46.98
"962","2020-05-28","Boris Johnson",52.52,47.42
"963","2020-05-29","Boris Johnson",52.01,47.93
"964","2020-05-30","Boris Johnson",51.7,48.23
"965","2020-05-31","Boris Johnson",51.39,48.54
"966","2020-06-01","Boris Johnson",51.09,48.84
"967","2020-06-02","Boris Johnson",50.78,49.14
"968","2020-06-03","Boris Johnson",50.48,49.44
"969","2020-06-04","Boris Johnson",50.24,49.67
"970","2020-06-05","Boris Johnson",50.01,49.89
"971","2020-06-06","Boris Johnson",49.94,49.95
"972","2020-06-07","Boris Johnson",49.88,50
"973","2020-06-08","Boris Johnson",49.81,50.05
"974","2020-06-09","Boris Johnson",49.87,49.97
"975","2020-06-10","Boris Johnson",49.94,49.89
"976","2020-06-11","Boris Johnson",49.98,49.85
"977","2020-06-12","Boris Johnson",49.91,49.88
"978","2020-06-13","Boris Johnson",50.02,49.77
"979","2020-06-14","Boris Johnson",50.12,49.66
"980","2020-06-15","Boris Johnson",50.18,49.59
"981","2020-06-16","Boris Johnson",50.24,49.53
"982","2020-06-17","Boris Johnson",50.29,49.46
"983","2020-06-18","Boris Johnson",50.35,49.39
"984","2020-06-19","Boris Johnson",50.3,49.42
"985","2020-06-20","Boris Johnson",50.4,49.34
"986","2020-06-21","Boris Johnson",50.5,49.26
"987","2020-06-22","Boris Johnson",50.6,49.17
"988","2020-06-23","Boris Johnson",50.7,49.09
"989","2020-06-24","Boris Johnson",50.8,49.01
"990","2020-06-25","Boris Johnson",50.9,48.92
"991","2020-06-26","Boris Johnson",50.7,49.16
"992","2020-06-27","Boris Johnson",50.69,49.23
"993","2020-06-28","Boris Johnson",50.67,49.29
"994","2020-06-29","Boris Johnson",50.65,49.35
"995","2020-06-30","Boris Johnson",50.63,49.41
"996","2020-07-01","Boris Johnson",50.62,49.47
"997","2020-07-02","Boris Johnson",50.42,49.66
"998","2020-07-03","Boris Johnson",50.23,49.85
"999","2020-07-04","Boris Johnson",50.22,49.86
"1000","2020-07-05","Boris Johnson",50.21,49.87
"1001","2020-07-06","Boris Johnson",50.2,49.89
"1002","2020-07-07","Boris Johnson",50.37,49.72
"1003","2020-07-08","Boris Johnson",50.53,49.56
"1004","2020-07-09","Boris Johnson",50.6,49.51
"1005","2020-07-10","Boris Johnson",50.67,49.45
"1006","2020-07-11","Boris Johnson",50.73,49.39
"1007","2020-07-12","Boris Johnson",50.8,49.34
"1008","2020-07-13","Boris Johnson",50.87,49.28
"1009","2020-07-14","Boris Johnson",50.93,49.22
"1010","2020-07-15","Boris Johnson",51,49.17
"1011","2020-07-16","Boris Johnson",50.83,49.3
"1012","2020-07-17","Boris Johnson",50.67,49.43
"1013","2020-07-18","Boris Johnson",50.5,49.56
"1014","2020-07-19","Boris Johnson",50.33,49.7
"1015","2020-07-20","Boris Johnson",50.26,49.79
"1016","2020-07-21","Boris Johnson",50.18,49.89
"1017","2020-07-22","Boris Johnson",50.11,49.98
"1018","2020-07-23","Boris Johnson",50.03,50.07
"1019","2020-07-24","Boris Johnson",49.95,50.17
"1020","2020-07-25","Boris Johnson",50.1,50.05
"1021","2020-07-26","Boris Johnson",50.24,49.93
"1022","2020-07-27","Boris Johnson",50.39,49.81
"1023","2020-07-28","Boris Johnson",50.53,49.68
"1024","2020-07-29","Boris Johnson",50.68,49.56
"1025","2020-07-30","Boris Johnson",50.57,49.7
"1026","2020-07-31","Boris Johnson",50.46,49.85
"1027","2020-08-01","Boris Johnson",50.35,49.99
"1028","2020-08-02","Boris Johnson",50.24,50.13
"1029","2020-08-03","Boris Johnson",50.14,50.27
"1030","2020-08-04","Boris Johnson",50.14,50.24
"1031","2020-08-05","Boris Johnson",50.16,50.21
"1032","2020-08-06","Boris Johnson",50.19,50.17
"1033","2020-08-07","Boris Johnson",50.21,50.13
"1034","2020-08-08","Boris Johnson",50.23,50.1
"1035","2020-08-09","Boris Johnson",50.26,50.06
"1036","2020-08-10","Boris Johnson",50.28,50.03
"1037","2020-08-11","Boris Johnson",50.3,49.99
"1038","2020-08-12","Boris Johnson",50.33,49.95
"1039","2020-08-13","Boris Johnson",50.11,50.12
"1040","2020-08-14","Boris Johnson",49.9,50.28
"1041","2020-08-15","Boris Johnson",49.68,50.44
"1042","2020-08-16","Boris Johnson",49.47,50.6
"1043","2020-08-17","Boris Johnson",49.28,50.79
"1044","2020-08-18","Boris Johnson",49.1,50.97
"1045","2020-08-19","Boris Johnson",48.91,51.16
"1046","2020-08-20","Boris Johnson",48.63,51.44
"1047","2020-08-21","Boris Johnson",48.36,51.72
"1048","2020-08-22","Boris Johnson",48.1,51.98
"1049","2020-08-23","Boris Johnson",47.84,52.25
"1050","2020-08-24","Boris Johnson",47.58,52.51
"1051","2020-08-25","Boris Johnson",47.43,52.68
"1052","2020-08-26","Boris Johnson",47.27,52.84
"1053","2020-08-27","Boris Johnson",47.12,53.01
"1054","2020-08-28","Boris Johnson",46.96,53.17
"1055","2020-08-29","Boris Johnson",46.88,53.27
"1056","2020-08-30","Boris Johnson",46.81,53.36
"1057","2020-08-31","Boris Johnson",46.73,53.45
"1058","2020-09-01","Boris Johnson",46.82,53.38
"1059","2020-09-02","Boris Johnson",46.92,53.31
"1060","2020-09-03","Boris Johnson",46.76,53.45
"1061","2020-09-04","Boris Johnson",46.6,53.59
"1062","2020-09-05","Boris Johnson",46.47,53.69
"1063","2020-09-06","Boris Johnson",46.34,53.8
"1064","2020-09-07","Boris Johnson",46.22,53.91
"1065","2020-09-08","Boris Johnson",46.09,54.01
"1066","2020-09-09","Boris Johnson",45.96,54.12
"1067","2020-09-10","Boris Johnson",45.84,54.23
"1068","2020-09-11","Boris Johnson",45.71,54.33
"1069","2020-09-12","Boris Johnson",45.56,54.47
"1070","2020-09-13","Boris Johnson",45.41,54.6
"1071","2020-09-14","Boris Johnson",45.26,54.74
"1072","2020-09-15","Boris Johnson",45.1,54.87
"1073","2020-09-16","Boris Johnson",44.95,55
"1074","2020-09-17","Boris Johnson",44.75,55.22
"1075","2020-09-18","Boris Johnson",44.54,55.43
"1076","2020-09-19","Boris Johnson",44.39,55.59
"1077","2020-09-20","Boris Johnson",44.24,55.75
"1078","2020-09-21","Boris Johnson",44.09,55.91
"1079","2020-09-22","Boris Johnson",43.93,56.07
"1080","2020-09-23","Boris Johnson",43.78,56.23
"1081","2020-09-24","Boris Johnson",43.54,56.48
"1082","2020-09-25","Boris Johnson",43.3,56.73
"1083","2020-09-26","Boris Johnson",43.03,57.02
"1084","2020-09-27","Boris Johnson",42.76,57.3
"1085","2020-09-28","Boris Johnson",42.48,57.58
"1086","2020-09-29","Boris Johnson",42.38,57.7
"1087","2020-09-30","Boris Johnson",42.27,57.82
"1088","2020-10-01","Boris Johnson",42.33,57.82
"1089","2020-10-02","Boris Johnson",42.3,57.84
"1090","2020-10-03","Boris Johnson",42.27,57.86
"1091","2020-10-04","Boris Johnson",42.24,57.88
"1092","2020-10-05","Boris Johnson",42.21,57.9
"1093","2020-10-06","Boris Johnson",42.36,57.74
"1094","2020-10-07","Boris Johnson",42.51,57.59
"1095","2020-10-08","Boris Johnson",42.5,57.6
"1096","2020-10-09","Boris Johnson",42.48,57.61
"1097","2020-10-10","Boris Johnson",42.46,57.63
"1098","2020-10-11","Boris Johnson",42.45,57.65
"1099","2020-10-12","Boris Johnson",42.43,57.67
"1100","2020-10-13","Boris Johnson",42.42,57.68
"1101","2020-10-14","Boris Johnson",42.4,57.7
"1102","2020-10-15","Boris Johnson",42.38,57.72
"1103","2020-10-16","Boris Johnson",42.37,57.74
"1104","2020-10-17","Boris Johnson",42.35,57.76
"1105","2020-10-18","Boris Johnson",42.34,57.77
"1106","2020-10-19","Boris Johnson",42.32,57.79
"1107","2020-10-20","Boris Johnson",42.31,57.81
"1108","2020-10-21","Boris Johnson",42.29,57.83
"1109","2020-10-22","Boris Johnson",42.17,57.89
"1110","2020-10-23","Boris Johnson",42.05,57.95
"1111","2020-10-24","Boris Johnson",41.96,57.99
"1112","2020-10-25","Boris Johnson",41.74,58.18
"1113","2020-10-26","Boris Johnson",41.52,58.38
"1114","2020-10-27","Boris Johnson",41.48,58.38
"1115","2020-10-28","Boris Johnson",41.45,58.39
"1116","2020-10-29","Boris Johnson",41.42,58.43
"1117","2020-10-30","Boris Johnson",41.39,58.47
"1118","2020-10-31","Boris Johnson",41.5,58.38
"1119","2020-11-01","Boris Johnson",41.6,58.28
"1120","2020-11-02","Boris Johnson",41.71,58.18
"1121","2020-11-03","Boris Johnson",41.81,58.09
"1122","2020-11-04","Boris Johnson",41.91,57.99
"1123","2020-11-05","Boris Johnson",42.02,57.89
"1124","2020-11-06","Boris Johnson",42.12,57.8
"1125","2020-11-07","Boris Johnson",42.25,57.67
"1126","2020-11-08","Boris Johnson",42.39,57.54
"1127","2020-11-09","Boris Johnson",42.52,57.42
"1128","2020-11-10","Boris Johnson",42.78,57.16
"1129","2020-11-11","Boris Johnson",43.04,56.9
"1130","2020-11-12","Boris Johnson",43.18,56.76
"1131","2020-11-13","Boris Johnson",43.32,56.62
"1132","2020-11-14","Boris Johnson",43.46,56.48
"1133","2020-11-15","Boris Johnson",43.6,56.34
"1134","2020-11-16","Boris Johnson",43.61,56.33
"1135","2020-11-17","Boris Johnson",43.62,56.32
"1136","2020-11-18","Boris Johnson",43.63,56.3
"1137","2020-11-19","Boris Johnson",43.64,56.29
"1138","2020-11-20","Boris Johnson",43.59,56.34
"1139","2020-11-21","Boris Johnson",43.57,56.34
"1140","2020-11-22","Boris Johnson",43.56,56.35
"1141","2020-11-23","Boris Johnson",43.54,56.35
"1142","2020-11-24","Boris Johnson",43.77,56.11
"1143","2020-11-25","Boris Johnson",44,55.87
"1144","2020-11-26","Boris Johnson",44.23,55.63
"1145","2020-11-27","Boris Johnson",44.46,55.39
"1146","2020-11-28","Boris Johnson",44.69,55.14
"1147","2020-11-29","Boris Johnson",44.89,54.93
"1148","2020-11-30","Boris Johnson",45.08,54.72
"1149","2020-12-01","Boris Johnson",45.28,54.5
"1150","2020-12-02","Boris Johnson",45.47,54.29
"1151","2020-12-03","Boris Johnson",45.51,54.22
"1152","2020-12-04","Boris Johnson",45.55,54.15
"1153","2020-12-05","Boris Johnson",45.64,54.08
"1154","2020-12-06","Boris Johnson",45.72,54
"1155","2020-12-07","Boris Johnson",45.81,53.93
"1156","2020-12-08","Boris Johnson",45.89,53.89
"1157","2020-12-09","Boris Johnson",45.83,53.98
"1158","2020-12-10","Boris Johnson",45.76,54.08
"1159","2020-12-11","Boris Johnson",45.7,54.17
"1160","2020-12-12","Boris Johnson",45.64,54.25
"1161","2020-12-13","Boris Johnson",45.57,54.34
"1162","2020-12-14","Boris Johnson",45.49,54.44
"1163","2020-12-15","Boris Johnson",45.4,54.55
"1164","2020-12-16","Boris Johnson",45.32,54.66
"1165","2020-12-17","Boris Johnson",45.23,54.76
"1166","2020-12-18","Boris Johnson",45.1,54.91
"1167","2020-12-19","Boris Johnson",44.97,55.06
"1168","2020-12-20","Boris Johnson",44.84,55.21
"1169","2020-12-21","Boris Johnson",44.85,55.18
"1170","2020-12-22","Boris Johnson",44.87,55.15
"1171","2020-12-23","Boris Johnson",44.88,55.12
"1172","2020-12-24","Boris Johnson",44.89,55.09
"1173","2020-12-25","Boris Johnson",44.9,55.06
"1174","2020-12-26","Boris Johnson",44.92,55.03
"1175","2020-12-27","Boris Johnson",44.93,54.99
"1176","2020-12-28","Boris Johnson",44.94,54.96
"1177","2020-12-29","Boris Johnson",44.95,54.93
"1178","2020-12-30","Boris Johnson",44.97,54.9
"1179","2020-12-31","Boris Johnson",44.86,54.98
"1180","2021-01-01","Boris Johnson",44.76,55.07
"1181","2021-01-02","Boris Johnson",44.65,55.15
"1182","2021-01-03","Boris Johnson",44.54,55.23
"1183","2021-01-04","Boris Johnson",44.44,55.32
"1184","2021-01-05","Boris Johnson",44.33,55.4
"1185","2021-01-06","Boris Johnson",44.45,55.25
"1186","2021-01-07","Boris Johnson",44.56,55.1
"1187","2021-01-08","Boris Johnson",44.61,55.01
"1188","2021-01-09","Boris Johnson",44.65,54.92
"1189","2021-01-10","Boris Johnson",44.69,54.83
"1190","2021-01-11","Boris Johnson",44.74,54.74
"1191","2021-01-12","Boris Johnson",44.7,54.77
"1192","2021-01-13","Boris Johnson",44.65,54.79
"1193","2021-01-14","Boris Johnson",44.7,54.75
"1194","2021-01-15","Boris Johnson",44.74,54.7
"1195","2021-01-16","Boris Johnson",44.94,54.48
"1196","2021-01-17","Boris Johnson",45.14,54.25
"1197","2021-01-18","Boris Johnson",45.4,54
"1198","2021-01-19","Boris Johnson",45.69,53.75
"1199","2021-01-20","Boris Johnson",45.98,53.51
"1200","2021-01-21","Boris Johnson",46.27,53.27
"1201","2021-01-22","Boris Johnson",46.56,53.02
"1202","2021-01-23","Boris Johnson",46.84,52.78
"1203","2021-01-24","Boris Johnson",47.01,52.65
"1204","2021-01-25","Boris Johnson",47.17,52.52
"1205","2021-01-26","Boris Johnson",47.17,52.54
"1206","2021-01-27","Boris Johnson",47.17,52.56
"1207","2021-01-28","Boris Johnson",47.17,52.58
"1208","2021-01-29","Boris Johnson",47.17,52.6
"1209","2021-01-30","Boris Johnson",47.24,52.54
"1210","2021-01-31","Boris Johnson",47.32,52.47
"1211","2021-02-01","Boris Johnson",47.39,52.41
"1212","2021-02-02","Boris Johnson",47.39,52.41
"1213","2021-02-03","Boris Johnson",47.39,52.42
"1214","2021-02-04","Boris Johnson",47.39,52.42
"1215","2021-02-05","Boris Johnson",47.44,52.36
"1216","2021-02-06","Boris Johnson",47.5,52.31
"1217","2021-02-07","Boris Johnson",47.55,52.28
"1218","2021-02-08","Boris Johnson",47.61,52.25
"1219","2021-02-09","Boris Johnson",47.49,52.38
"1220","2021-02-10","Boris Johnson",47.59,52.29
"1221","2021-02-11","Boris Johnson",47.69,52.2
"1222","2021-02-12","Boris Johnson",47.8,52.11
"1223","2021-02-13","Boris Johnson",47.95,51.96
"1224","2021-02-14","Boris Johnson",48.11,51.81
"1225","2021-02-15","Boris Johnson",48.25,51.67
"1226","2021-02-16","Boris Johnson",48.42,51.51
"1227","2021-02-17","Boris Johnson",48.58,51.34
"1228","2021-02-18","Boris Johnson",48.74,51.18
"1229","2021-02-19","Boris Johnson",48.91,51.01
"1230","2021-02-20","Boris Johnson",49.07,50.85
"1231","2021-02-21","Boris Johnson",49.24,50.68
"1232","2021-02-22","Boris Johnson",49.4,50.52
"1233","2021-02-23","Boris Johnson",49.67,50.24
"1234","2021-02-24","Boris Johnson",49.95,49.96
"1235","2021-02-25","Boris Johnson",50.23,49.67
"1236","2021-02-26","Boris Johnson",50.54,49.38
"1237","2021-02-27","Boris Johnson",50.77,49.17
"1238","2021-02-28","Boris Johnson",51,48.95
"1239","2021-03-01","Boris Johnson",51.23,48.73
"1240","2021-03-02","Boris Johnson",51.34,48.64
"1241","2021-03-03","Boris Johnson",51.45,48.55
"1242","2021-03-04","Boris Johnson",51.56,48.45
"1243","2021-03-05","Boris Johnson",51.66,48.36
"1244","2021-03-06","Boris Johnson",51.77,48.27
"1245","2021-03-07","Boris Johnson",51.88,48.17
"1246","2021-03-08","Boris Johnson",51.99,48.08
"1247","2021-03-09","Boris Johnson",51.8,48.28
"1248","2021-03-10","Boris Johnson",51.89,48.22
"1249","2021-03-11","Boris Johnson",52,48.12
"1250","2021-03-12","Boris Johnson",52.12,48.02
"1251","2021-03-13","Boris Johnson",52.31,47.87
"1252","2021-03-14","Boris Johnson",52.49,47.72
"1253","2021-03-15","Boris Johnson",52.69,47.55
"1254","2021-03-16","Boris Johnson",52.78,47.47
"1255","2021-03-17","Boris Johnson",52.87,47.39
"1256","2021-03-18","Boris Johnson",52.95,47.31
"1257","2021-03-19","Boris Johnson",53.04,47.23
"1258","2021-03-20","Boris Johnson",53.32,46.92
"1259","2021-03-21","Boris Johnson",53.61,46.61
"1260","2021-03-22","Boris Johnson",53.89,46.29
"1261","2021-03-23","Boris Johnson",53.85,46.32
"1262","2021-03-24","Boris Johnson",53.8,46.35
"1263","2021-03-25","Boris Johnson",53.75,46.37
"1264","2021-03-26","Boris Johnson",53.71,46.4
"1265","2021-03-27","Boris Johnson",53.76,46.28
"1266","2021-03-28","Boris Johnson",53.8,46.18
"1267","2021-03-29","Boris Johnson",53.83,46.08
"1268","2021-03-30","Boris Johnson",53.77,46.13
"1269","2021-03-31","Boris Johnson",53.71,46.17
"1270","2021-04-01","Boris Johnson",53.65,46.22
"1271","2021-04-02","Boris Johnson",53.75,46.11
"1272","2021-04-03","Boris Johnson",53.84,46
"1273","2021-04-04","Boris Johnson",53.93,45.89
"1274","2021-04-05","Boris Johnson",54.02,45.78
"1275","2021-04-06","Boris Johnson",53.89,45.88
"1276","2021-04-07","Boris Johnson",53.75,45.99
"1277","2021-04-08","Boris Johnson",53.62,46.09
"1278","2021-04-09","Boris Johnson",53.49,46.2
"1279","2021-04-10","Boris Johnson",53.42,46.23
"1280","2021-04-11","Boris Johnson",53.29,46.37
"1281","2021-04-12","Boris Johnson",53.15,46.51
"1282","2021-04-13","Boris Johnson",53.08,46.61
"1283","2021-04-14","Boris Johnson",53,46.71
"1284","2021-04-15","Boris Johnson",52.93,46.82
"1285","2021-04-16","Boris Johnson",52.86,46.92
"1286","2021-04-17","Boris Johnson",52.78,47.03
"1287","2021-04-18","Boris Johnson",52.71,47.13
"1288","2021-04-19","Boris Johnson",52.69,47.17
"1289","2021-04-20","Boris Johnson",52.49,47.39
"1290","2021-04-21","Boris Johnson",52.28,47.61
"1291","2021-04-22","Boris Johnson",52.08,47.83
"1292","2021-04-23","Boris Johnson",52.01,47.91
"1293","2021-04-24","Boris Johnson",52,47.93
"1294","2021-04-25","Boris Johnson",51.99,47.95
"1295","2021-04-26","Boris Johnson",51.98,47.97
"1296","2021-04-27","Boris Johnson",51.82,48.13
"1297","2021-04-28","Boris Johnson",51.66,48.29
"1298","2021-04-29","Boris Johnson",51.66,48.29
"1299","2021-04-30","Boris Johnson",51.66,48.3
"1300","2021-05-01","Boris Johnson",51.87,48.09
"1301","2021-05-02","Boris Johnson",52.08,47.88
"1302","2021-05-03","Boris Johnson",52.29,47.67
"1303","2021-05-04","Boris Johnson",52.44,47.52
"1304","2021-05-05","Boris Johnson",52.59,47.37
"1305","2021-05-06","Boris Johnson",52.77,47.19
"1306","2021-05-07","Boris Johnson",52.95,47.01
"1307","2021-05-08","Boris Johnson",53.13,46.83
"1308","2021-05-09","Boris Johnson",53.31,46.64
"1309","2021-05-10","Boris Johnson",53.49,46.46
"1310","2021-05-11","Boris Johnson",53.49,46.46
"1311","2021-05-12","Boris Johnson",53.49,46.45
"1312","2021-05-13","Boris Johnson",53.49,46.45
"1313","2021-05-14","Boris Johnson",53.49,46.45
"1314","2021-05-15","Boris Johnson",53.47,46.45
"1315","2021-05-16","Boris Johnson",53.46,46.46
"1316","2021-05-17","Boris Johnson",53.43,46.48
"1317","2021-05-18","Boris Johnson",53.27,46.62
"1318","2021-05-19","Boris Johnson",53.12,46.76
"1319","2021-05-20","Boris Johnson",52.97,46.9
"1320","2021-05-21","Boris Johnson",52.81,47.04
"1321","2021-05-22","Boris Johnson",52.66,47.18
"1322","2021-05-23","Boris Johnson",52.51,47.31
"1323","2021-05-24","Boris Johnson",52.36,47.45
"1324","2021-05-25","Boris Johnson",52.1,47.69
"1325","2021-05-26","Boris Johnson",51.84,47.93
"1326","2021-05-27","Boris Johnson",51.58,48.19
"1327","2021-05-28","Boris Johnson",51.32,48.45
"1328","2021-05-29","Boris Johnson",51.34,48.44
"1329","2021-05-30","Boris Johnson",51.37,48.43
"1330","2021-05-31","Boris Johnson",51.39,48.42
"1331","2021-06-01","Boris Johnson",51.29,48.52
"1332","2021-06-02","Boris Johnson",51.2,48.62
"1333","2021-06-03","Boris Johnson",51.1,48.72
"1334","2021-06-04","Boris Johnson",51.08,48.76
"1335","2021-06-05","Boris Johnson",51.07,48.8
"1336","2021-06-06","Boris Johnson",51.05,48.85
"1337","2021-06-07","Boris Johnson",51.03,48.89
"1338","2021-06-08","Boris Johnson",50.94,49.01
"1339","2021-06-09","Boris Johnson",50.84,49.12
"1340","2021-06-10","Boris Johnson",50.75,49.24
"1341","2021-06-11","Boris Johnson",50.63,49.37
"1342","2021-06-12","Boris Johnson",50.59,49.43
"1343","2021-06-13","Boris Johnson",50.44,49.57
"1344","2021-06-14","Boris Johnson",50.2,49.79
"1345","2021-06-15","Boris Johnson",49.97,50.01
"1346","2021-06-16","Boris Johnson",49.73,50.23
"1347","2021-06-17","Boris Johnson",49.5,50.45
"1348","2021-06-18","Boris Johnson",49.26,50.67
"1349","2021-06-19","Boris Johnson",49.02,50.9
"1350","2021-06-20","Boris Johnson",48.79,51.12
"1351","2021-06-21","Boris Johnson",48.55,51.34
"1352","2021-06-22","Boris Johnson",48.18,51.69
"1353","2021-06-23","Boris Johnson",47.82,52.04
"1354","2021-06-24","Boris Johnson",47.45,52.39
"1355","2021-06-25","Boris Johnson",47.28,52.52
"1356","2021-06-26","Boris Johnson",47.11,52.67
"1357","2021-06-27","Boris Johnson",46.88,52.89
"1358","2021-06-28","Boris Johnson",46.64,53.12
"1359","2021-06-29","Boris Johnson",46.47,53.27
"1360","2021-06-30","Boris Johnson",46.3,53.41
"1361","2021-07-01","Boris Johnson",46.13,53.56
"1362","2021-07-02","Boris Johnson",45.96,53.7
"1363","2021-07-03","Boris Johnson",45.8,53.85
"1364","2021-07-04","Boris Johnson",45.63,54
"1365","2021-07-05","Boris Johnson",45.46,54.14
"1366","2021-07-06","Boris Johnson",45.43,54.15
"1367","2021-07-07","Boris Johnson",45.41,54.16
"1368","2021-07-08","Boris Johnson",45.38,54.17
"1369","2021-07-09","Boris Johnson",45.47,54.07
"1370","2021-07-10","Boris Johnson",45.56,53.92
"1371","2021-07-11","Boris Johnson",45.66,53.78
"1372","2021-07-12","Boris Johnson",45.76,53.64
"1373","2021-07-13","Boris Johnson",45.74,53.69
"1374","2021-07-14","Boris Johnson",45.62,53.82
"1375","2021-07-15","Boris Johnson",45.5,53.94
"1376","2021-07-16","Boris Johnson",45.38,54.07
"1377","2021-07-17","Boris Johnson",45.26,54.2
"1378","2021-07-18","Boris Johnson",45.14,54.32
"1379","2021-07-19","Boris Johnson",44.93,54.52
"1380","2021-07-20","Boris Johnson",44.56,54.9
"1381","2021-07-21","Boris Johnson",44.24,55.22
"1382","2021-07-22","Boris Johnson",43.93,55.53
"1383","2021-07-23","Boris Johnson",43.61,55.85
"1384","2021-07-24","Boris Johnson",43.34,56.07
"1385","2021-07-25","Boris Johnson",43.08,56.29
"1386","2021-07-26","Boris Johnson",42.96,56.45
"1387","2021-07-27","Boris Johnson",43.02,56.41
"1388","2021-07-28","Boris Johnson",43.08,56.38
"1389","2021-07-29","Boris Johnson",43.14,56.34
"1390","2021-07-30","Boris Johnson",43.2,56.31
"1391","2021-07-31","Boris Johnson",43.26,56.27
"1392","2021-08-01","Boris Johnson",43.32,56.23
"1393","2021-08-02","Boris Johnson",43.38,56.2
"1394","2021-08-03","Boris Johnson",43.34,56.28
"1395","2021-08-04","Boris Johnson",43.3,56.35
"1396","2021-08-05","Boris Johnson",43.26,56.43
"1397","2021-08-06","Boris Johnson",43.22,56.51
"1398","2021-08-07","Boris Johnson",43.28,56.48
"1399","2021-08-08","Boris Johnson",43.33,56.46
"1400","2021-08-09","Boris Johnson",43.38,56.43
"1401","2021-08-10","Boris Johnson",43.41,56.39
"1402","2021-08-11","Boris Johnson",43.44,56.35
"1403","2021-08-12","Boris Johnson",43.47,56.31
"1404","2021-08-13","Boris Johnson",43.5,56.27
"1405","2021-08-14","Boris Johnson",43.52,56.22
"1406","2021-08-15","Boris Johnson",43.55,56.18
"1407","2021-08-16","Boris Johnson",43.58,56.14
"1408","2021-08-17","Boris Johnson",43.58,56.12
"1409","2021-08-18","Boris Johnson",43.58,56.09
"1410","2021-08-19","Boris Johnson",43.58,56.07
"1411","2021-08-20","Boris Johnson",43.58,56.04
"1412","2021-08-21","Boris Johnson",43.67,55.96
"1413","2021-08-22","Boris Johnson",43.77,55.88
"1414","2021-08-23","Boris Johnson",43.86,55.79
"1415","2021-08-24","Boris Johnson",43.85,55.8
"1416","2021-08-25","Boris Johnson",43.85,55.8
"1417","2021-08-26","Boris Johnson",43.84,55.81
"1418","2021-08-27","Boris Johnson",43.83,55.81
"1419","2021-08-28","Boris Johnson",43.82,55.82
"1420","2021-08-29","Boris Johnson",43.82,55.82
"1421","2021-08-30","Boris Johnson",43.89,55.76
"1422","2021-08-31","Boris Johnson",43.97,55.71
"1423","2021-09-01","Boris Johnson",44.05,55.65
"1424","2021-09-02","Boris Johnson",44.13,55.59
"1425","2021-09-03","Boris Johnson",44.21,55.53
"1426","2021-09-04","Boris Johnson",44.14,55.61
"1427","2021-09-05","Boris Johnson",44.08,55.69
"1428","2021-09-06","Boris Johnson",44.02,55.76
"1429","2021-09-07","Boris Johnson",43.99,55.79
"1430","2021-09-08","Boris Johnson",43.96,55.82
"1431","2021-09-09","Boris Johnson",43.93,55.85
"1432","2021-09-10","Boris Johnson",43.91,55.88
"1433","2021-09-11","Boris Johnson",43.88,55.91
"1434","2021-09-12","Boris Johnson",44.03,55.74
"1435","2021-09-13","Boris Johnson",44.19,55.58
"1436","2021-09-14","Boris Johnson",44.21,55.53
"1437","2021-09-15","Boris Johnson",44.17,55.6
"1438","2021-09-16","Boris Johnson",44.13,55.66
"1439","2021-09-17","Boris Johnson",44.1,55.7
"1440","2021-09-18","Boris Johnson",44.16,55.68
"1441","2021-09-19","Boris Johnson",44.23,55.66
"1442","2021-09-20","Boris Johnson",44.3,55.65
"1443","2021-09-21","Boris Johnson",44.24,55.7
"1444","2021-09-22","Boris Johnson",44.18,55.76
"1445","2021-09-23","Boris Johnson",44.03,55.86
"1446","2021-09-24","Boris Johnson",43.92,55.97
"1447","2021-09-25","Boris Johnson",43.8,56.07
"1448","2021-09-26","Boris Johnson",43.68,56.18
"1449","2021-09-27","Boris Johnson",43.82,55.98
"1450","2021-09-28","Boris Johnson",43.89,55.89
"1451","2021-09-29","Boris Johnson",43.96,55.8
"1452","2021-09-30","Boris Johnson",44.03,55.71
"1453","2021-10-01","Boris Johnson",44.1,55.62
"1454","2021-10-02","Boris Johnson",44.17,55.53
"1455","2021-10-03","Boris Johnson",44.24,55.44
"1456","2021-10-04","Boris Johnson",44.3,55.35
"1457","2021-10-05","Boris Johnson",44.32,55.35
"1458","2021-10-06","Boris Johnson",44.34,55.34
"1459","2021-10-07","Boris Johnson",44.36,55.34
"1460","2021-10-08","Boris Johnson",44.38,55.34
"1461","2021-10-09","Boris Johnson",44.4,55.34
"1462","2021-10-10","Boris Johnson",44.41,55.33
"1463","2021-10-11","Boris Johnson",44.43,55.33
"1464","2021-10-12","Boris Johnson",44.38,55.39
"1465","2021-10-13","Boris Johnson",44.33,55.44
"1466","2021-10-14","Boris Johnson",44.28,55.5
"1467","2021-10-15","Boris Johnson",44.23,55.55
"1468","2021-10-16","Boris Johnson",44.18,55.61
"1469","2021-10-17","Boris Johnson",44.13,55.67
"1470","2021-10-18","Boris Johnson",44.08,55.72
"1471","2021-10-19","Boris Johnson",43.85,55.95
"1472","2021-10-20","Boris Johnson",43.62,56.19
"1473","2021-10-21","Boris Johnson",43.38,56.42
"1474","2021-10-22","Boris Johnson",43.15,56.65
"1475","2021-10-23","Boris Johnson",42.91,56.88
"1476","2021-10-24","Boris Johnson",42.68,57.12
"1477","2021-10-25","Boris Johnson",42.44,57.35
"1478","2021-10-26","Boris Johnson",42.3,57.53
"1479","2021-10-27","Boris Johnson",42.15,57.72
"1480","2021-10-28","Boris Johnson",42,57.9
"1481","2021-10-29","Boris Johnson",41.85,58.08
"1482","2021-10-30","Boris Johnson",41.77,58.19
"1483","2021-10-31","Boris Johnson",41.7,58.3
"1484","2021-11-01","Boris Johnson",41.63,58.4
"1485","2021-11-02","Boris Johnson",41.37,58.69
"1486","2021-11-03","Boris Johnson",41.11,58.98
"1487","2021-11-04","Boris Johnson",40.86,59.27
"1488","2021-11-05","Boris Johnson",40.74,59.42
"1489","2021-11-06","Boris Johnson",40.62,59.58
"1490","2021-11-07","Boris Johnson",40.71,59.51
"1491","2021-11-08","Boris Johnson",40.8,59.43
"1492","2021-11-09","Boris Johnson",40.68,59.58
"1493","2021-11-10","Boris Johnson",40.55,59.73
"1494","2021-11-11","Boris Johnson",40.43,59.87
"1495","2021-11-12","Boris Johnson",40.31,60.02
"1496","2021-11-13","Boris Johnson",40.3,60.01
"1497","2021-11-14","Boris Johnson",40.29,60
"1498","2021-11-15","Boris Johnson",40.29,59.99
"1499","2021-11-16","Boris Johnson",40.14,60.13
"1500","2021-11-17","Boris Johnson",40,60.27
"1501","2021-11-18","Boris Johnson",39.85,60.41
"1502","2021-11-19","Boris Johnson",39.7,60.55
"1503","2021-11-20","Boris Johnson",39.56,60.69
"1504","2021-11-21","Boris Johnson",39.41,60.83
"1505","2021-11-22","Boris Johnson",38.97,61.24
"1506","2021-11-23","Boris Johnson",38.86,61.32
"1507","2021-11-24","Boris Johnson",38.75,61.41
"1508","2021-11-25","Boris Johnson",38.63,61.5
"1509","2021-11-26","Boris Johnson",38.52,61.58
"1510","2021-11-27","Boris Johnson",38.38,61.7
"1511","2021-11-28","Boris Johnson",38.24,61.82
"1512","2021-11-29","Boris Johnson",38.1,61.94
"1513","2021-11-30","Boris Johnson",37.76,62.26
"1514","2021-12-01","Boris Johnson",37.43,62.57
"1515","2021-12-02","Boris Johnson",37.09,62.88
"1516","2021-12-03","Boris Johnson",36.76,63.2
"1517","2021-12-04","Boris Johnson",36.42,63.51
"1518","2021-12-05","Boris Johnson",36.09,63.82
"1519","2021-12-06","Boris Johnson",35.76,64.14
"1520","2021-12-07","Boris Johnson",35.09,64.77
"1521","2021-12-08","Boris Johnson",34.43,65.41
"1522","2021-12-09","Boris Johnson",33.77,66.05
"1523","2021-12-10","Boris Johnson",33.26,66.56
"1524","2021-12-11","Boris Johnson",33.05,66.76
"1525","2021-12-12","Boris Johnson",32.86,66.92
"1526","2021-12-13","Boris Johnson",32.67,67.09
"1527","2021-12-14","Boris Johnson",32.33,67.4
"1528","2021-12-15","Boris Johnson",31.99,67.71
"1529","2021-12-16","Boris Johnson",31.65,68.01
"1530","2021-12-17","Boris Johnson",31.31,68.32
"1531","2021-12-18","Boris Johnson",30.97,68.63
"1532","2021-12-19","Boris Johnson",30.63,68.94
"1533","2021-12-20","Boris Johnson",30.29,69.25
"1534","2021-12-21","Boris Johnson",30.25,69.29
"1535","2021-12-22","Boris Johnson",30.22,69.33
"1536","2021-12-23","Boris Johnson",30.18,69.38
"1537","2021-12-24","Boris Johnson",30.14,69.42
"1538","2021-12-25","Boris Johnson",30.1,69.47
"1539","2021-12-26","Boris Johnson",30.06,69.51
"1540","2021-12-27","Boris Johnson",30.03,69.55
"1541","2021-12-28","Boris Johnson",29.99,69.6
"1542","2021-12-29","Boris Johnson",29.95,69.64
"1543","2021-12-30","Boris Johnson",29.91,69.68
"1544","2021-12-31","Boris Johnson",29.87,69.73
"1545","2022-01-01","Boris Johnson",29.83,69.77
"1546","2022-01-02","Boris Johnson",29.8,69.81
"1547","2022-01-03","Boris Johnson",29.76,69.86
"1548","2022-01-04","Boris Johnson",29.72,69.9
"1549","2022-01-05","Boris Johnson",29.68,69.95
"1550","2022-01-06","Boris Johnson",29.64,69.99
"1551","2022-01-07","Boris Johnson",29.6,70.03
"1552","2022-01-08","Boris Johnson",29.57,70.08
"1553","2022-01-09","Boris Johnson",29.53,70.12
"1554","2022-01-10","Boris Johnson",29.49,70.16
"1555","2022-01-11","Boris Johnson",29.17,70.51
"1556","2022-01-12","Boris Johnson",28.85,70.86
"1557","2022-01-13","Boris Johnson",28.54,71.21
"1558","2022-01-14","Boris Johnson",28.39,71.38
"1559","2022-01-15","Boris Johnson",28.39,71.39
"1560","2022-01-16","Boris Johnson",28.39,71.4
"1561","2022-01-17","Boris Johnson",28.39,71.41
"1562","2022-01-18","Boris Johnson",28.51,71.28
"1563","2022-01-19","Boris Johnson",28.63,71.15
"1564","2022-01-20","Boris Johnson",28.75,71.02
"1565","2022-01-21","Boris Johnson",28.87,70.89
"1566","2022-01-22","Boris Johnson",28.99,70.77
"1567","2022-01-23","Boris Johnson",29.11,70.64
"1568","2022-01-24","Boris Johnson",29.23,70.51
"1569","2022-01-25","Boris Johnson",29.19,70.59
"1570","2022-01-26","Boris Johnson",29.26,70.53
"1571","2022-01-27","Boris Johnson",29.33,70.48
"1572","2022-01-28","Boris Johnson",29.4,70.43
"1573","2022-01-29","Boris Johnson",29.55,70.3
"1574","2022-01-30","Boris Johnson",29.69,70.17
"1575","2022-01-31","Boris Johnson",29.83,70.04
"1576","2022-02-01","Boris Johnson",29.98,69.9
"1577","2022-02-02","Boris Johnson",30.12,69.77
"1578","2022-02-03","Boris Johnson",30.27,69.64
"1579","2022-02-04","Boris Johnson",30.41,69.51
"1580","2022-02-05","Boris Johnson",30.56,69.38
"1581","2022-02-06","Boris Johnson",30.7,69.24
"1582","2022-02-07","Boris Johnson",30.84,69.11
"1583","2022-02-08","Boris Johnson",30.99,68.98
"1584","2022-02-09","Boris Johnson",31.13,68.85
"1585","2022-02-10","Boris Johnson",31.28,68.72
"1586","2022-02-11","Boris Johnson",31.42,68.58
"1587","2022-02-12","Boris Johnson",31.67,68.35
"1588","2022-02-13","Boris Johnson",31.92,68.11
"1589","2022-02-14","Boris Johnson",32.16,67.88
"1590","2022-02-15","Boris Johnson",32.41,67.64
"1591","2022-02-16","Boris Johnson",32.66,67.41
"1592","2022-02-17","Boris Johnson",32.9,67.17
"1593","2022-02-18","Boris Johnson",33.15,66.94
"1594","2022-02-19","Boris Johnson",33.4,66.7
"1595","2022-02-20","Boris Johnson",33.65,66.47
"1596","2022-02-21","Boris Johnson",33.89,66.23
"1597","2022-02-22","Boris Johnson",34.14,66
"1598","2022-02-23","Boris Johnson",34.39,65.76
"1599","2022-02-24","Boris Johnson",34.64,65.53
"1600","2022-02-25","Boris Johnson",34.88,65.29
"1601","2022-02-26","Boris Johnson",35.13,65.06
"1602","2022-02-27","Boris Johnson",35.38,64.82
"1603","2022-02-28","Boris Johnson",35.62,64.59
"1604","2022-03-01","Boris Johnson",35.87,64.35
"1605","2022-03-02","Boris Johnson",36.12,64.12
"1606","2022-03-03","Boris Johnson",36.37,63.88
"1607","2022-03-04","Boris Johnson",36.61,63.65
"1608","2022-03-05","Boris Johnson",36.86,63.41
"1609","2022-03-06","Boris Johnson",37.11,63.18
"1610","2022-03-07","Boris Johnson",37.36,62.94
"1611","2022-03-08","Boris Johnson",37.25,63.03
"1612","2022-03-09","Boris Johnson",37.14,63.11
"1613","2022-03-10","Boris Johnson",37.04,63.19
"1614","2022-03-11","Boris Johnson",36.93,63.27
"1615","2022-03-12","Boris Johnson",36.99,63.2
"1616","2022-03-13","Boris Johnson",37.04,63.13
"1617","2022-03-14","Boris Johnson",37.1,63.06
"1618","2022-03-15","Boris Johnson",37.15,62.99
"1619","2022-03-16","Boris Johnson",37.28,62.85
"1620","2022-03-17","Boris Johnson",37.41,62.71
"1621","2022-03-18","Boris Johnson",37.54,62.57
"1622","2022-03-19","Boris Johnson",37.67,62.43
"1623","2022-03-20","Boris Johnson",37.8,62.29
"1624","2022-03-21","Boris Johnson",37.82,62.26
"1625","2022-03-22","Boris Johnson",37.84,62.24
"1626","2022-03-23","Boris Johnson",37.85,62.21
"1627","2022-03-24","Boris Johnson",37.87,62.19
"1628","2022-03-25","Boris Johnson",37.89,62.16
"1629","2022-03-26","Boris Johnson",38.04,62.01
"1630","2022-03-27","Boris Johnson",38.18,61.86
"1631","2022-03-28","Boris Johnson",38.05,61.98
"1632","2022-03-29","Boris Johnson",37.92,62.11
"1633","2022-03-30","Boris Johnson",37.8,62.23
"1634","2022-03-31","Boris Johnson",37.64,62.39
"1635","2022-04-01","Boris Johnson",37.48,62.55
"1636","2022-04-02","Boris Johnson",37.32,62.71
"1637","2022-04-03","Boris Johnson",37.16,62.86
"1638","2022-04-04","Boris Johnson",37,63.02
"1639","2022-04-05","Boris Johnson",36.84,63.18
"1640","2022-04-06","Boris Johnson",36.68,63.33
"1641","2022-04-07","Boris Johnson",36.52,63.49
"1642","2022-04-08","Boris Johnson",36.36,63.65
"1643","2022-04-09","Boris Johnson",36.2,63.81
"1644","2022-04-10","Boris Johnson",36.04,63.96
"1645","2022-04-11","Boris Johnson",35.89,64.11
"1646","2022-04-12","Boris Johnson",35.74,64.26
"1647","2022-04-13","Boris Johnson",35.59,64.4
"1648","2022-04-14","Boris Johnson",35.44,64.55
"1649","2022-04-15","Boris Johnson",35.29,64.7
"1650","2022-04-16","Boris Johnson",35.15,64.85
"1651","2022-04-17","Boris Johnson",35,64.99
"1652","2022-04-18","Boris Johnson",34.85,65.14
"1653","2022-04-19","Boris Johnson",34.7,65.29
"1654","2022-04-20","Boris Johnson",34.55,65.43
"1655","2022-04-21","Boris Johnson",34.4,65.58
"1656","2022-04-22","Boris Johnson",34.25,65.73
"1657","2022-04-23","Boris Johnson",34.27,65.7
"1658","2022-04-24","Boris Johnson",34.29,65.68
"1659","2022-04-25","Boris Johnson",34.31,65.66
"1660","2022-04-26","Boris Johnson",34.33,65.63
"1661","2022-04-27","Boris Johnson",34.35,65.61
"1662","2022-04-28","Boris Johnson",34.38,65.58
"1663","2022-04-29","Boris Johnson",34.4,65.56
"1664","2022-04-30","Boris Johnson",34.42,65.54
"1665","2022-05-01","Boris Johnson",34.44,65.51
"1666","2022-05-02","Boris Johnson",34.46,65.49
"1667","2022-05-03","Boris Johnson",34.48,65.46
"1668","2022-05-04","Boris Johnson",34.5,65.44
"1669","2022-05-05","Boris Johnson",34.52,65.42
"1670","2022-05-06","Boris Johnson",34.54,65.39
"1671","2022-05-07","Boris Johnson",34.56,65.37
"1672","2022-05-08","Boris Johnson",34.58,65.34
"1673","2022-05-09","Boris Johnson",34.56,65.36
"1674","2022-05-10","Boris Johnson",34.55,65.37
"1675","2022-05-11","Boris Johnson",34.53,65.38
"1676","2022-05-12","Boris Johnson",34.51,65.4
"1677","2022-05-13","Boris Johnson",34.49,65.41
"1678","2022-05-14","Boris Johnson",34.54,65.35
"1679","2022-05-15","Boris Johnson",34.59,65.29
"1680","2022-05-16","Boris Johnson",34.65,65.21
"1681","2022-05-17","Boris Johnson",34.72,65.12
"1682","2022-05-18","Boris Johnson",34.79,65.04
"1683","2022-05-19","Boris Johnson",34.77,65.03
"1684","2022-05-20","Boris Johnson",34.76,65.02
"1685","2022-05-21","Boris Johnson",34.74,65.02
"1686","2022-05-22","Boris Johnson",34.72,65.01
"1687","2022-05-23","Boris Johnson",34.62,65.13
"1688","2022-05-24","Boris Johnson",34.52,65.25
"1689","2022-05-25","Boris Johnson",34.42,65.37
"1690","2022-05-26","Boris Johnson",34.41,65.39
"1691","2022-05-27","Boris Johnson",34.4,65.41
"1692","2022-05-28","Boris Johnson",34.47,65.34
"1693","2022-05-29","Boris Johnson",34.55,65.27
"1694","2022-05-30","Boris Johnson",34.56,65.24
"1695","2022-05-31","Boris Johnson",34.58,65.22
"1696","2022-06-01","Boris Johnson",34.6,65.19
"1697","2022-06-02","Boris Johnson",34.62,65.16
"1698","2022-06-03","Boris Johnson",34.64,65.13
"1699","2022-06-04","Boris Johnson",34.65,65.09
"1700","2022-06-05","Boris Johnson",34.67,65.06
"1701","2022-06-06","Boris Johnson",34.71,65.05
"1702","2022-06-07","Boris Johnson",34.75,65.04
"1703","2022-06-08","Boris Johnson",34.79,65.04
"1704","2022-06-09","Boris Johnson",34.83,65.03
"1705","2022-06-10","Boris Johnson",34.89,64.98
"1706","2022-06-11","Boris Johnson",34.96,64.94
"1707","2022-06-12","Boris Johnson",35.03,64.9
"1708","2022-06-13","Boris Johnson",35.01,64.89
"1709","2022-06-14","Boris Johnson",34.99,64.87
"1710","2022-06-15","Boris Johnson",34.97,64.86
"1711","2022-06-16","Boris Johnson",34.81,64.98
"1712","2022-06-17","Boris Johnson",34.66,65.1
"1713","2022-06-18","Boris Johnson",34.5,65.22
"1714","2022-06-19","Boris Johnson",34.34,65.33
"1715","2022-06-20","Boris Johnson",34.19,65.49
"1716","2022-06-21","Boris Johnson",34.04,65.64
"1717","2022-06-22","Boris Johnson",33.89,65.79
"1718","2022-06-23","Boris Johnson",33.74,65.94
"1719","2022-06-24","Boris Johnson",33.59,66.09
"1720","2022-06-25","Boris Johnson",33.47,66.21
"1721","2022-06-26","Boris Johnson",33.34,66.32
"1722","2022-06-27","Boris Johnson",33.15,66.54
"1723","2022-06-28","Boris Johnson",32.96,66.76
"1724","2022-06-29","Boris Johnson",32.76,66.98
"1725","2022-06-30","Boris Johnson",32.57,67.21
"1726","2022-07-01","Boris Johnson",32.6,67.18
"1727","2022-07-02","Boris Johnson",32.63,67.15
"1728","2022-07-03","Boris Johnson",32.67,67.13
"1729","2022-07-04","Boris Johnson",32.53,67.26
"1730","2022-07-05","Boris Johnson",32.4,67.39
"1731","2022-07-06","Boris Johnson",32.26,67.53
"1732","2022-07-07","Boris Johnson",32.32,67.46
"1733","2022-07-08","Boris Johnson",32.7,67.06
"1734","2022-07-09","Boris Johnson",33.07,66.67
"1735","2022-07-10","Boris Johnson",33.44,66.27
"1736","2022-07-11","Boris Johnson",33.68,65.99
"1737","2022-07-12","Boris Johnson",33.93,65.71
"1738","2022-07-13","Boris Johnson",34.17,65.44
"1739","2022-07-14","Boris Johnson",34.41,65.16
"1740","2022-07-15","Boris Johnson",34.66,64.88
"1741","2022-07-16","Boris Johnson",34.9,64.61
"1742","2022-07-17","Boris Johnson",35.14,64.33
"1743","2022-07-18","Boris Johnson",35.41,64.06
"1744","2022-07-19","Boris Johnson",35.68,63.79
"1745","2022-07-20","Boris Johnson",35.95,63.51
"1746","2022-07-21","Boris Johnson",36.22,63.24
"1747","2022-07-22","Boris Johnson",36.45,63.03
"1748","2022-07-23","Boris Johnson",36.68,62.82
"1749","2022-07-24","Boris Johnson",36.91,62.61
"1750","2022-07-25","Boris Johnson",37.08,62.44
"1751","2022-07-26","Boris Johnson",37.25,62.27
"1752","2022-07-27","Boris Johnson",37.42,62.09
"1753","2022-07-28","Boris Johnson",37.49,62.01
"1754","2022-07-29","Boris Johnson",37.56,61.92
"1755","2022-07-30","Boris Johnson",37.63,61.84
"1756","2022-07-31","Boris Johnson",37.69,61.75
"1757","2022-08-01","Boris Johnson",37.69,61.77
"1758","2022-08-02","Boris Johnson",37.68,61.79
"1759","2022-08-03","Boris Johnson",37.67,61.8
"1760","2022-08-04","Boris Johnson",37.67,61.82
"1761","2022-08-05","Boris Johnson",37.66,61.84
"1762","2022-08-06","Boris Johnson",37.65,61.85
"1763","2022-08-07","Boris Johnson",37.65,61.87
"1764","2022-08-08","Boris Johnson",37.56,61.95
"1765","2022-08-09","Boris Johnson",37.48,62.02
"1766","2022-08-10","Boris Johnson",37.39,62.09
"1767","2022-08-11","Boris Johnson",37.31,62.17
"1768","2022-08-12","Boris Johnson",37.23,62.24
"1769","2022-08-13","Boris Johnson",37.14,62.32
"1770","2022-08-14","Boris Johnson",37.06,62.39
"1771","2022-08-15","Boris Johnson",36.97,62.46
"1772","2022-08-16","Boris Johnson",36.89,62.54
"1773","2022-08-17","Boris Johnson",36.8,62.61
"1774","2022-08-18","Boris Johnson",36.72,62.69
"1775","2022-08-19","Boris Johnson",36.64,62.76
"1776","2022-08-20","Boris Johnson",36.55,62.83
"1777","2022-08-21","Boris Johnson",36.47,62.91
"1778","2022-08-22","Boris Johnson",36.33,63.06
"1779","2022-08-23","Boris Johnson",36.2,63.21
"1780","2022-08-24","Boris Johnson",36.07,63.36
"1781","2022-08-25","Boris Johnson",35.93,63.51
"1782","2022-08-26","Boris Johnson",35.8,63.67
"1783","2022-08-27","Boris Johnson",35.66,63.82
"1784","2022-08-28","Boris Johnson",35.53,63.97
"1785","2022-08-29","Boris Johnson",35.4,64.12
"1786","2022-08-30","Boris Johnson",35.26,64.27
"1787","2022-08-31","Boris Johnson",35.13,64.42
"1788","2022-09-01","Boris Johnson",34.99,64.57
"1789","2022-09-02","Boris Johnson",34.86,64.73
"1790","2022-09-03","Boris Johnson",34.72,64.88
"1791","2022-09-04","Boris Johnson",34.59,65.03
"1792","2022-09-05","Boris Johnson",34.59,65.03
"1793","2022-09-06","Boris Johnson",34.59,65.03
